dose,t,X,X_var,Y,Y_var,Z,Z_var
1.0,0.0,0.9999992605958795,1.0661981047149407e-06,-2.5400212456707616e-05,1.0017771287843596e-06,-2.6520821802740567e-05,9.899169799872477e-07
1.0,0.20833333333333334,0.8494541138872039,0.00022006257429823056,0.09254438548064384,0.0003506336578431701,0.05801467177814601,3.823171444931053e-05
1.0,0.4166666666666667,0.7252187376280907,0.0006062985673231331,0.16727785316906507,0.0010778025452367293,0.107496970859909,0.00014043901545909095
1.0,0.625,0.6226759176378689,0.0009565433823609746,0.22750193308328823,0.001879830775758336,0.1498567492073137,0.00029177013921620487
1.0,0.8333333333333334,0.537847773192779,0.0011980808563378834,0.2757198082173295,0.002636021101558085,0.18634694864458473,0.0004833458217709211
1.0,1.0416666666666667,0.467653898873651,0.0013318957314920306,0.31434424178125436,0.003277631160875174,0.2180046482090983,0.000701049697323032
1.0,1.25,0.40945826710161276,0.0013671217214352455,0.34481561603506183,0.0038097640488579335,0.24569183282427629,0.0009380892837904285
1.0,1.4583333333333335,0.36122603229170835,0.0013370843693135549,0.36884915325710427,0.004222451918929156,0.2699366005650024,0.0011874151413197977
1.0,1.6666666666666667,0.32109269846808697,0.0012739995508983892,0.38741625935669854,0.004553617916648001,0.29140032060790644,0.0014543606359596506
1.0,1.875,0.28777420428255257,0.0011859192945520328,0.40163636044451073,0.004812112431824789,0.310608310336247,0.0017076198139038714
1.0,2.0833333333333335,0.25986302420045365,0.0010888254440267352,0.41223018084792057,0.005024806983500443,0.32791865269476345,0.0019664652056177543
1.0,2.291666666666667,0.23656156738170114,0.0009865681058683449,0.4198813150274303,0.005174301082260784,0.3435684525102981,0.0022210867764515577
1.0,2.5,0.21697251333429032,0.0008902497916613587,0.4251835378711689,0.005306698700281568,0.3578676097895469,0.0024777814150387166
1.0,2.7083333333333335,0.2005586509440623,0.000805881047890213,0.42847481363925516,0.005407110242103229,0.3710143122997063,0.0027142655858647404
1.0,2.916666666666667,0.18662856160047145,0.000726315058484017,0.4301044711939931,0.005503244572564584,0.38325497641142403,0.0029507102436194454
1.0,3.125,0.17489915852583193,0.000655769538143569,0.4304491258240446,0.005583663148865181,0.3946670488460115,0.003172924398403165
1.0,3.3333333333333335,0.16478574370317972,0.0005975964434916091,0.4297866050716373,0.005663416263738801,0.4053823438859414,0.0033819793375517494
1.0,3.541666666666667,0.15631556398367105,0.0005419246801260771,0.428231426246457,0.005727852781731853,0.41543756332850323,0.003596586338501761
1.0,3.75,0.1489080914799626,0.0004936080763681129,0.42593139772793226,0.005781682992766429,0.42506149895584916,0.003788712787974642
1.0,3.9583333333333335,0.14258637261646834,0.0004528867751660707,0.4231834931424687,0.005848432125169855,0.43424836097377734,0.003986456927549959
1.0,4.166666666666667,0.1369538092139801,0.00041744080136178687,0.4199718892984754,0.005900233147650484,0.44299469865042046,0.004164838255526217
1.0,4.375,0.1321641059567593,0.0003867086022361047,0.4163664662853099,0.005959523230808743,0.45145387192569125,0.004336685229070677
1.0,4.583333333333334,0.12789003430940368,0.00035811622585651503,0.4124700422545535,0.0060167144888987265,0.4596634710085552,0.004506176779078139
1.0,4.791666666666667,0.12409402051529947,0.00033192722102812233,0.40828618893488966,0.006079113355193222,0.4675564336959749,0.004666489029196589
1.0,5.0,0.12064829245069353,0.0003115272549396645,0.4040826496244607,0.00613906691555884,0.4752031883006333,0.004832000852261068
3.0416666666666665,0.0,3.0416601211554246,1.0373587632347292e-06,-2.5053838296327976e-05,9.269665041178414e-07,-2.6238364040069e-05,9.73151599024871e-07
3.0416666666666665,0.20833333333333334,2.5837637325385714,0.002013155802893001,0.2814020741436358,0.003247618010238251,0.17655937027926238,0.0003485027143015743
3.0416666666666665,0.4166666666666667,2.205935627779176,0.005610411098273156,0.5087486924479452,0.009971387738541261,0.32695518805409934,0.0012851840382420972
3.0416666666666665,0.625,1.8939608076717331,0.008843525115116737,0.6919029044775871,0.01743580058245125,0.45579084183946267,0.0026866750286513225
3.0416666666666665,0.8333333333333334,1.6359233169687153,0.011086584456963894,0.8389156038721389,0.024403654310682973,0.566841950241857,0.0044391948153733015
3.0416666666666665,1.0416666666666667,1.4223098369243425,0.012260773744984754,0.9561351322876355,0.030322046243465014,0.6631861216212138,0.006463879136118942
3.0416666666666665,1.25,1.2455788141322888,0.01261345290949608,1.04888124762507,0.03515809750132546,0.747182019219956,0.008680037372990985
3.0416666666666665,1.4583333333333335,1.098880544801798,0.01240177404576948,1.1217552053668105,0.039065005114932744,0.8210675368808833,0.010996322990095045
3.0416666666666665,1.6666666666666667,0.976799813892215,0.011805694882179732,1.1784110519351938,0.04212444150307624,0.8865052481877701,0.013374432018153457
3.0416666666666665,1.875,0.8750076293719294,0.010960285992832674,1.2217079214856135,0.04451890694871727,0.9448702360818656,0.015799847265418165
3.0416666666666665,2.0833333333333335,0.7902725626595827,0.010034707725097493,1.2539173557776748,0.046359459210930536,0.9974233441410306,0.01818929286131681
3.0416666666666665,2.291666666666667,0.7195001202819351,0.009125774224902083,1.2771894871335066,0.047859420950780565,1.045059363389366,0.020546962419477174
3.0416666666666665,2.5,0.6600356459170185,0.008250742495565106,1.2931075788752469,0.049098005320588826,1.0884969210779445,0.02285725654217574
3.0416666666666665,2.7083333333333335,0.6099724704402515,0.007468969374001579,1.303103370038454,0.05008982999674052,1.128509464288773,0.025040334211024907
3.0416666666666665,2.916666666666667,0.5677096632153743,0.006718532136218592,1.3082117793023393,0.050925469842099405,1.1656777462737418,0.027217857381140763
3.0416666666666665,3.125,0.5318090666296288,0.006076754516878715,1.3093702616305558,0.05165772085426288,1.200366675708533,0.029325069970736792
3.0416666666666665,3.3333333333333335,0.5014327264248749,0.005492340631245573,1.3072658576242784,0.05230937138199063,1.2328866577329953,0.03130934486014809
3.0416666666666665,3.541666666666667,0.47539110576337346,0.005010836458561634,1.302600598036257,0.052948469903441125,1.2636627144863641,0.033255635157600966
3.0416666666666665,3.75,0.4530096314037111,0.004570707872044918,1.2957568128875205,0.05353093763575607,1.2929138166368552,0.03507193751892403
3.0416666666666665,3.9583333333333335,0.4336496464762813,0.004195214615769537,1.2872310332679981,0.05410830461198232,1.3208161620320724,0.03681550579900687
3.0416666666666665,4.166666666666667,0.4167185561157771,0.003852229879119724,1.277327797007417,0.05464035036442867,1.3475367355527388,0.03850925012342584
3.0416666666666665,4.375,0.40194761549017877,0.0035660031671131166,1.2663440582119114,0.05517503526245911,1.373318174038308,0.04013963424830382
3.0416666666666665,4.583333333333334,0.3889976854088564,0.0032959765111919073,1.2545390491828818,0.05567893943657809,1.3980935216830672,0.04171046285449104
3.0416666666666665,4.791666666666667,0.377344982674968,0.003072836909654783,1.2420170749269577,0.05617842141748225,1.422202323654119,0.04315087916162885
3.0416666666666665,5.0,0.36700080267034185,0.0028645298524860637,1.2289668088924481,0.05667796904866525,1.445604954517395,0.04459319291244545
5.083333333333333,0.0,5.083359577871239,9.609226932296203e-07,4.4893050019590356e-05,1.032847135537988e-06,-1.1205537795744785e-05,9.853126983206539e-07
5.083333333333333,0.20833333333333334,4.318079110521383,0.005625696066303376,0.47020095971492504,0.009076279207423394,0.294960372621942,0.0009691206363268414
5.083333333333333,0.4166666666666667,3.686654561566187,0.015682683146755326,0.8503167758891554,0.027872108258668447,0.5464349778848695,0.0035883156521674506
5.083333333333333,0.625,3.1648301443604336,0.02468492062362576,1.156546112335802,0.0487262815530723,0.7618763675528983,0.007505397694162971
5.083333333333333,0.8333333333333334,2.733788280451552,0.030875802950939838,1.4020627815256326,0.06802782545677256,0.9475191917107004,0.012438365150907524
5.083333333333333,1.0416666666666667,2.377363381024605,0.03422051358921673,1.5976996119800737,0.08461330925331842,1.108223597912244,0.018083954181487904
5.083333333333333,1.25,2.081877715613826,0.03531675126679879,1.7528197705953728,0.098311827118515,1.2486439481838256,0.024226115166145534
5.083333333333333,1.4583333333333335,1.836199669882454,0.03468612023585011,1.8749357738073382,0.10918262673299672,1.3722017706697152,0.03071279407738687
5.083333333333333,1.6666666666666667,1.632176162937024,0.03287192839231041,1.9695615396903294,0.11761915946041329,1.4816351622738126,0.03743398249736809
5.083333333333333,1.875,1.4625636731150449,0.03055130222028218,2.0416233539207163,0.12422517190476051,1.5791463758094346,0.044146214865954436
5.083333333333333,2.0833333333333335,1.3210470530785452,0.02805608259731891,2.0954277826662935,0.1295605576736147,1.666829726382267,0.050828227086220396
5.083333333333333,2.291666666666667,1.2025412212558146,0.025534036887673903,2.134356275012936,0.13381196532567283,1.7463942677443456,0.057373568563526704
5.083333333333333,2.5,1.102936857903631,0.0230945901748173,2.1611134643576024,0.1371432374887433,1.8192059553060302,0.0637600397150648
5.083333333333333,2.7083333333333335,1.0191754865370721,0.0207867294677578,2.1779257617365504,0.1398770013593924,1.886159505774546,0.0700400540707932
5.083333333333333,2.916666666666667,0.9487114222651555,0.01874927522443339,2.1864632321283723,0.14217040001176798,1.9482353445265799,0.07612206003627046
5.083333333333333,3.125,0.8889480558304069,0.016948566064801097,2.188188032172354,0.14426829066535135,2.0061029360182316,0.08190315448341869
5.083333333333333,3.3333333333333335,0.8381263174026631,0.0153988360190313,2.1847382644810724,0.14619931041112358,2.0604579196013892,0.08747324924355193
5.083333333333333,3.541666666666667,0.7945095343458795,0.013995408210745118,2.176887980662495,0.14794497952979987,2.1118967643866253,0.09278459640274885
5.083333333333333,3.75,0.7570177480295449,0.012777465763895088,2.1655715461797524,0.14954521252038883,2.160807209840141,0.09793853773742751
5.083333333333333,3.9583333333333335,0.724661801321732,0.011689620086740739,2.1513142781988237,0.15105542959517282,2.2074314430256745,0.10283291369983609
5.083333333333333,4.166666666666667,0.6965052689075185,0.010759481425077738,2.1347564793882214,0.15255096129479134,2.2521563492439935,0.10759074986093294
5.083333333333333,4.375,0.6718293124165621,0.009954730415158871,2.1164021030065325,0.154034182089032,2.2951579768657173,0.11213747019135398
5.083333333333333,4.583333333333334,0.6500600367832459,0.009230370719315248,2.0966266353407335,0.15550511983234452,2.336636413132901,0.11644569726390165
5.083333333333333,4.791666666666667,0.6307345030035788,0.008581360370455697,2.07579542686889,0.15695412361508557,2.3769080949865176,0.12055877402699337
5.083333333333333,5.0,0.6133560123821034,0.008003515607549302,2.0540178950845367,0.15829466982738954,2.41598049345908,0.12453695250524593
7.125,0.0,7.124973424722792,1.0550717296436382e-06,-3.4339538505956392e-06,9.92529498065505e-07,-2.873639482132112e-05,1.0306288770190247e-06
7.125,0.20833333333333334,6.052429598476298,0.01104898889036915,0.6591014942288561,0.017821596513455402,0.41353109328151244,0.0019001003188208925
7.125,0.4166666666666667,5.167156082191827,0.030806869048260833,1.1918961471694858,0.054772164075752985,0.7658974209535938,0.007053875369049733
7.125,0.625,4.436046439366348,0.04843909662541023,1.62107410225554,0.0956478769581829,1.0679470578269716,0.014742371567163992
7.125,0.8333333333333334,3.832145089694714,0.06065554445665975,1.9648906994014046,0.13359552041902306,1.327905453013989,0.024414289819285548
7.125,1.0416666666666667,3.332366701842454,0.06734471360170617,2.2393775237173714,0.16637882508105156,1.5533412742787172,0.03548235546641551
7.125,1.25,2.917670988036855,0.06941999847276534,2.457068603119738,0.19317930148088658,1.7503083610483108,0.04755070043591776
7.125,1.4583333333333335,2.5735036322249147,0.06797603267861385,2.6280535718764257,0.21427736022561278,1.9234546953250324,0.06038372331494358
7.125,1.6666666666666667,2.2878616926293747,0.06451780593736867,2.760443565298662,0.23091475989897517,2.0766107784417347,0.07351014324326122
7.125,1.875,2.0502855881463455,0.0600872614914671,2.8614573549886697,0.24412627016936456,2.2132397576313534,0.08669041404216057
7.125,2.0833333333333335,1.8516054707027287,0.05524774756548654,2.9370353508799734,0.25467570806933987,2.3362959863755317,0.09973209856460476
7.125,2.291666666666667,1.6852824965624196,0.050205649723360994,2.9917368897762815,0.2628573034756088,2.4479692088277973,0.11268760613498563
7.125,2.5,1.5457595215151096,0.04528829491318171,3.0293082090838945,0.26933485062607554,2.549879175834315,0.125386927705257
7.125,2.7083333333333335,1.428704135550572,0.040827170718928725,3.0526802057313627,0.2746278410079791,2.6437161294620175,0.13767686041115212
7.125,2.916666666666667,1.3300066906530996,0.03683842590188024,3.0644015378351486,0.27936228224936144,2.7306100065329546,0.14952712225468628
7.125,3.125,1.2461928844408425,0.03336000869170637,3.067089678128614,0.28353490524602426,2.8117850526868877,0.16084065518146712
7.125,3.3333333333333335,1.1747385959137204,0.03024978084690857,3.062214180654746,0.28720193847102954,2.888121519103457,0.17179174105787484
7.125,3.541666666666667,1.1135472751824982,0.02746794011061109,3.0512508453306535,0.2906254078551276,2.9601207935607143,0.182317812034192
7.125,3.75,1.0610274911869775,0.025078809938140437,3.0353508204570834,0.2936719567761439,3.028673336129142,0.19241132031173463
7.125,3.9583333333333335,1.0155879530248433,0.022973536066282278,3.01528172226208,0.2967911036966068,3.0939876808984494,0.20212645363397427
7.125,4.166666666666667,0.9762200979065276,0.021138121840733323,2.9921280930914596,0.2997186515530332,3.1566366373571992,0.21138037733951665
7.125,4.375,0.9416348218418289,0.01955638798833139,2.966378928416015,0.30270891734310246,3.216913333869763,0.22022084149097423
7.125,4.583333333333334,0.9111915931374892,0.01812506166580639,2.938668675422957,0.3055839807804001,3.2751885682748605,0.22874146654752373
7.125,4.791666666666667,0.8840068464245842,0.016852953977298572,2.9093911893972355,0.30829808040269485,3.3315429082172834,0.2368740108013599
7.125,5.0,0.8596568755121595,0.015745722669730775,2.8789576537254162,0.31108192924046774,3.3863722250415367,0.24468963397105378
9.166666666666666,0.0,9.166648069085428,9.56334698371348e-07,-3.1609410212665966e-06,1.048593319015464e-06,-4.5392181331265485e-06,1.0168076893794934e-06
9.166666666666666,0.20833333333333334,7.786763132649005,0.018292103535752797,0.8479336500555603,0.029522396168639123,0.5319719042773347,0.003145984250920852
9.166666666666666,0.4166666666666667,6.647676900238481,0.05099758721561325,1.5335250343457747,0.0906307338015066,0.9854219969737551,0.011668559173674091
9.166666666666666,0.625,5.707384319602497,0.08015180559484261,2.085422907766321,0.15827952811809298,1.3738232821265715,0.024433478544044686
9.166666666666666,0.8333333333333334,4.930482155264659,0.1004568059948427,2.5278654055049836,0.2212926148597339,1.70828229518345,0.040399807025934216
9.166666666666666,1.0416666666666667,4.287081783482563,0.11158325455727136,2.881141685693132,0.2755424629056606,1.9984577032464486,0.05872636449764035
9.166666666666666,1.25,3.7534149519053073,0.11488916740041102,3.1614132161246,0.3196591815219612,2.2519002168081172,0.07879810518891722
9.166666666666666,1.4583333333333335,3.3109690984852005,0.11242398013997205,3.381110992253947,0.3545928119359825,2.474619804296437,0.09992660289926952
9.166666666666666,1.6666666666666667,2.9437517236343065,0.10680850034027081,3.5512757105472703,0.3822544040424362,2.6716644147883,0.12162250029480325
9.166666666666666,1.875,2.6378667469601895,0.09958621198527522,3.681391510253492,0.404374980034582,2.8474666783170175,0.14340819292204043
9.166666666666666,2.0833333333333335,2.382063872873789,0.09145440313661657,3.778682216086192,0.42161268135602836,3.005932535405367,0.16508448570515774
9.166666666666666,2.291666666666667,2.1680723575956358,0.08296079121206398,3.849129634067177,0.43493184442478205,3.1494721165345174,0.18656374120021083
9.166666666666666,2.5,1.9887984444632667,0.07489510360044732,3.8973014925396607,0.44557968029999084,3.2806062488659307,0.20752670324506323
9.166666666666666,2.7083333333333335,1.8382972378664402,0.06754945847787448,3.9272404706791813,0.45456074895902365,3.4012214886034924,0.22782501348263742
9.166666666666666,2.916666666666667,1.7111569773779314,0.061030266343810834,3.9424759981656794,0.4625629886845246,3.5130378249256995,0.2473969215564175
9.166666666666666,3.125,1.6031975129103437,0.05524960252345897,3.9459768000788573,0.46934764902084636,3.61746477829436,0.2662285203819831
9.166666666666666,3.3333333333333335,1.5112564418269463,0.05003878453326278,3.93975211257331,0.4754649469069894,3.715686747275213,0.2843888383983468
9.166666666666666,3.541666666666667,1.4326185228939825,0.045471909825140704,3.925653790302607,0.48090886439370584,3.808489160878638,0.301801996876959
9.166666666666666,3.75,1.3651243005146403,0.04147582540524235,3.9050229364358793,0.48606116468060245,3.8965384503499587,0.318519894975222
9.166666666666666,3.9583333333333335,1.3067130946873091,0.03802658116243986,3.879302112133106,0.491173155838,3.9805181016552096,0.33458783090200633
9.166666666666666,4.166666666666667,1.2560343802629355,0.035034122808318705,3.8494690030869467,0.49621282143044093,4.061113685794979,0.3498804612333296
9.166666666666666,4.375,1.2115341417971832,0.03237025200114475,3.8164248288155633,0.5011614653591603,4.138688154813093,0.36451713338468056
9.166666666666666,4.583333333333334,1.1722109291922789,0.029991886270957592,3.7807871672031435,0.5057973425387157,4.213679730701656,0.37862122363633716
9.166666666666666,4.791666666666667,1.1373632522169892,0.027884201804456752,3.743077493116275,0.5102766976124102,4.286265924917796,0.39208723742366297
9.166666666666666,5.0,1.1060403659787845,0.02604189567101553,3.703974623377782,0.5148329988976188,4.356665008030311,0.40502298632214695
11.208333333333332,0.0,11.208311844621829,9.449444903772966e-07,8.30063627811595e-05,9.448983291894131e-07,-1.4803146173929711e-05,1.0060508511998336e-06
11.208333333333332,0.20833333333333334,9.521044601592225,0.02737419971746123,1.036821604565409,0.04414853427164991,0.6504507734376573,0.004705556628959426
11.208333333333332,0.4166666666666667,8.12826821745982,0.07618300330223689,1.8750397624618853,0.1354592993266151,1.2049543111850207,0.017463234391686157
11.208333333333332,0.625,6.97874094769809,0.11982516568486135,2.5498047570010876,0.23660603826350488,1.679771736192149,0.036496610632445046
11.208333333333332,0.8333333333333334,6.028773198456542,0.15024673099221905,3.0907589019953585,0.3308784231291527,2.0887924222791328,0.060369407817376174
11.208333333333332,1.0416666666666667,5.241690169195519,0.16686772275939654,3.522988865542352,0.41197129130089166,2.4435929167332837,0.08777112064722228
11.208333333333332,1.25,4.589261111962683,0.17149818066458625,3.8655712256727965,0.47780907489006375,2.7535311939241454,0.11783397085865159
11.208333333333332,1.4583333333333335,4.048582182042124,0.16796066090200587,4.1340836922095185,0.5299143029912341,3.0257180840997875,0.14945351874574295
11.208333333333332,1.6666666666666667,3.5996447582010487,0.15977569776236988,4.342091349459153,0.5716727797088275,3.2665723531038444,0.18178369772349603
11.208333333333332,1.875,3.2252540338544304,0.14903833371491218,4.5013735180269,0.6046733585062093,3.4817716428915095,0.21434677155348605
11.208333333333332,2.0833333333333335,2.9124715092135482,0.13665778497155082,4.620490212443377,0.6301211994308362,3.6753914583764455,0.24682146441015443
11.208333333333332,2.291666666666667,2.6508096686651514,0.12393173688891766,4.706523841703827,0.6500332315180992,3.8510108616581733,0.2789827064463333
11.208333333333332,2.5,2.431803334689783,0.11191520580591185,4.765247470788696,0.666120944334859,4.011220882549198,0.31034612529967115
11.208333333333332,2.7083333333333335,2.2478007429455618,0.1010330501316234,4.8018484240116255,0.6798080439713381,4.1587161760051385,0.3406357954318834
11.208333333333332,2.916666666666667,2.0922756026527414,0.0913334778451194,4.820577813503902,0.6915827237507133,4.295471232173092,0.36979861644320294
11.208333333333332,3.125,1.960193762039092,0.08260198378067728,4.8248317546520925,0.7018427677747613,4.423221875472225,0.39788322327305886
11.208333333333332,3.3333333333333335,1.8477786803050205,0.07476850134249255,4.8173045043514975,0.7106703860457309,4.54332627716403,0.42508044550515794
11.208333333333332,3.541666666666667,1.751605911885621,0.0679715443247289,4.799946901949116,0.7188805096639946,4.656730001121825,0.45131795165033106
11.208333333333332,3.75,1.669213328479526,0.06200684518457808,4.774770664216931,0.726784295696243,4.764378841506446,0.4763140611367143
11.208333333333332,3.9583333333333335,1.5978416167912275,0.056896052950625504,4.743340021041469,0.7345030317807194,4.867158475488684,0.5001811095513461
11.208333333333332,4.166666666666667,1.5357764784502783,0.05238930565889242,4.7068011170658375,0.741932329790345,4.965749829562324,0.5229372903945937
11.208333333333332,4.375,1.4813232086948807,0.0484131986804452,4.666398693894604,0.7492171819848841,5.060570413283619,0.5449384286047919
11.208333333333332,4.583333333333334,1.4332925786982982,0.044890994835195104,4.6228434144424595,0.7562382974528014,5.152174843300364,0.5660269437949867
11.208333333333332,4.791666666666667,1.390613258289506,0.041724008794783,4.576813033216013,0.7630445808277346,5.2409159375507155,0.5861501298162116
11.208333333333332,5.0,1.3523873213106459,0.03892851502969425,4.528906174204458,0.7696995955717547,5.327004061615374,0.6056089502932899
13.25,0.0,13.249962937906949,1.0000993777390391e-06,-3.903776000741585e-06,1.0131373236002e-06,8.564371553351848e-06,1.0109030731367562e-06
13.25,0.20833333333333334,11.255299624295832,0.03827355835378963,1.2257758810064947,0.061677600287855225,0.7689673373280413,0.006572962564256082
13.25,0.4166666666666667,9.608925177463854,0.10645402696291634,2.216578862204696,0.18928295192219038,1.4244091431895691,0.024373565034964607
13.25,0.625,8.250139019778373,0.1674463180032178,3.0141690167777404,0.33056572183925936,1.9856976249518807,0.05101694644805885
13.25,0.8333333333333334,7.126880213184456,0.21010942362158305,3.6538743875711717,0.46255783207995843,2.469304421992231,0.08433272582419818
13.25,1.0416666666666667,6.1962112076231035,0.23317291062523168,4.1648977533610365,0.5756788328101523,2.888956608600171,0.12267411597685983
13.25,1.25,5.425178337796787,0.23956129468849235,4.569690625780802,0.667563800649566,3.255088374972072,0.16464534596388541
13.25,1.4583333333333335,4.786233836805137,0.23476980162583494,4.886946000884449,0.7407134731869685,3.576778259016854,0.20885292064676406
13.25,1.6666666666666667,4.2553856836158666,0.22350507606228134,5.1330622679619085,0.7991321437984299,3.861546348008448,0.25402806929593025
13.25,1.875,3.8127057094582306,0.20830237828705936,5.321305291449651,0.8451552783686663,4.1159415876476775,0.2995870679994667
13.25,2.0833333333333335,3.442786172255549,0.19095931901405375,5.462269035919976,0.8806648845560414,4.344998436419534,0.3450624282968861
13.25,2.291666666666667,3.1336673661869483,0.1731199193124833,5.563838341074528,0.9082864824924154,4.552505018944898,0.38995033557231795
13.25,2.5,2.874889614136154,0.15640567788609175,5.633120812054285,0.9307633031419621,4.741849703953416,0.4336703566913332
13.25,2.7083333333333335,2.657359208054852,0.14126830392323653,5.676438008933877,0.9500048379287082,4.916224991654991,0.475966421643736
13.25,2.916666666666667,2.473396200472181,0.12771367949225435,5.698677987320404,0.9666428942741297,5.07785250472222,0.5166892205143853
13.25,3.125,2.3172274590271336,0.11538298612922632,5.70380734864565,0.9807089754735148,5.229046590103896,0.5561512238305335
13.25,3.3333333333333335,2.184245637282465,0.10449502978054874,5.694848384890797,0.9930711018219622,5.370921146759419,0.594269446774306
13.25,3.541666666666667,2.0706760756555997,0.09495511138732149,5.674368848354084,1.004673758785934,5.504964161811278,0.6307283487469554
13.25,3.75,1.9732856950243096,0.08668640009241081,5.644550283336473,1.0158220160939022,5.632220099662413,0.665593305811791
13.25,3.9583333333333335,1.8889739367747904,0.07952717720535983,5.607311108234581,1.0265182244935507,5.753683543863892,0.6988692563688265
13.25,4.166666666666667,1.8155416214852733,0.07319807111602887,5.564282006549458,1.0370032204123587,5.870254098655417,0.7308439890894606
13.25,4.375,1.751165173623568,0.06765648556816836,5.516490557578925,1.0469284051950736,5.982347710915165,0.7615344873745974
13.25,4.583333333333334,1.6943733939721304,0.06269371035218818,5.464971858162087,1.0567284696510737,6.090677005339342,0.7909594295922328
13.25,4.791666666666667,1.6439308800944368,0.0582945983434482,5.410452272284483,1.0662056271508475,6.195505138178472,0.819141869618519
13.25,5.0,1.5987123602289297,0.054389243259645906,5.353948003809236,1.0756530390922814,6.2973654650330015,0.8462633909466902
15.291666666666666,0.0,15.29163018606241,1.0516818741500478e-06,1.1796937816479019e-05,9.495872596556116e-07,2.696647499585654e-05,9.855888781879653e-07
15.291666666666666,0.20833333333333334,12.98948834164162,0.05094463693051937,1.4146103520303055,0.08218768742339984,0.8874783195826496,0.008749626889475188
15.291666666666666,0.4166666666666667,11.089684405703215,0.14174198761092424,2.558126485494992,0.25205602771401714,1.643829107702903,0.032485318808713116
15.291666666666666,0.625,9.521550055877343,0.22313416408067296,3.478541457846247,0.4403455185255645,2.2915915932568334,0.06795565841358553
15.291666666666666,0.8333333333333334,8.22497897325478,0.27989706557609806,4.216957805733877,0.616240870961928,2.8497405681178605,0.11234356211574333
15.291666666666666,1.0416666666666667,7.150737828579951,0.31046888340133877,4.80681877248156,0.7666593179437651,3.3340990692839205,0.16346371987242436
15.291666666666666,1.25,6.261138105562518,0.3188795850160551,5.273836024384365,0.8889210405518395,3.7566918816268,0.21932344299121262
15.291666666666666,1.4583333333333335,5.52388487641674,0.3126668369468017,5.6398548438942955,0.9866184907424813,4.127795622869135,0.278168338028194
15.291666666666666,1.6666666666666667,4.911188489852012,0.2978594003596205,5.923967719705015,1.064612366959454,4.45656407782946,0.33828201354688675
15.291666666666666,1.875,4.399997302603853,0.2775654947492718,6.1414588880953,1.125718848129777,4.7501774145513584,0.39897296973379215
15.291666666666666,2.0833333333333335,3.9731300533460336,0.2541174030582272,6.304050831060562,1.1726484018437178,5.014568623532393,0.45964569475863665
15.291666666666666,2.291666666666667,3.6165026159039737,0.23050700292434573,6.421117426721272,1.2095653600696914,5.254001220409436,0.5194726043630267
15.291666666666666,2.5,3.3180526642488166,0.20834768183536573,6.50106872654817,1.2398949534416375,5.472498334811977,0.5776869842048759
15.291666666666666,2.7083333333333335,3.0669115645393354,0.18825365337569255,6.551080278132104,1.265657613352276,5.673699332510058,0.63390087977922
15.291666666666666,2.916666666666667,2.8544079446148674,0.17008596261472791,6.576848940593877,1.2875539438778765,5.860335020832975,0.68819763063734
15.291666666666666,3.125,2.6741575875858654,0.15371659318095623,6.582805386582648,1.306257654848321,6.034739500176262,0.7407348314746212
15.291666666666666,3.3333333333333335,2.5208053742870677,0.13913703587563409,6.572401771910509,1.3227230206344347,6.19849542014018,0.7914178995175475
15.291666666666666,3.541666666666667,2.3898650050887835,0.1264550405576558,6.54865637075864,1.337973954563141,6.353126970685109,0.8401396902120365
15.291666666666666,3.75,2.277417671437248,0.11547258038289696,6.514257120647038,1.3527728260039145,6.500060557906097,0.8864650551916825
15.291666666666666,3.9583333333333335,2.180011678720262,0.10591011178877943,6.471359243814091,1.367217371507198,6.640306115597492,0.9308762247681498
15.291666666666666,4.166666666666667,2.0952481866850023,0.09751357488952016,6.42165863769599,1.3811291553607603,6.774798673732655,0.9733588121292591
15.291666666666666,4.375,2.0209333789952955,0.09007893892657465,6.366539675953017,1.394461937766133,6.904189614865854,1.0143207706851272
15.291666666666666,4.583333333333334,1.955486659519529,0.08350166695694135,6.307063825491588,1.4073377441665171,7.029186974580321,1.0533493616933067
15.291666666666666,4.791666666666667,1.897234949700698,0.07766824119108304,6.244206051209578,1.4200863227582936,7.150209014345025,1.0911978955967507
15.291666666666666,5.0,1.8450355609904519,0.07245431667802879,6.178891376646854,1.4328271474835652,7.267749912166339,1.1271673073934532
17.333333333333332,0.0,17.333341817497153,9.919128711864376e-07,3.3437914726040476e-05,9.711092040867472e-07,5.839438804849544e-06,1.0762452776386453e-06
17.333333333333332,0.20833333333333334,14.723810068561125,0.06545483139211161,1.6036093586424691,0.10559953697811562,1.0059747826632364,0.011252416875069188
17.333333333333332,0.4166666666666667,12.57036649763305,0.18209274027013034,2.899592450191636,0.32391621437444595,1.8633344400847454,0.041741891842377386
17.333333333333332,0.625,10.792848333710504,0.28670922663680326,3.942929881203735,0.565887028940888,2.597527777354997,0.08728803654118691
17.333333333333332,0.8333333333333334,9.322945556741386,0.35979364754839466,4.780086496609798,0.7919203455567743,3.230260758311964,0.1443071715287666
17.333333333333332,1.0416666666666667,8.105382625306031,0.3987276256194822,5.448738259262632,0.9850557198923808,3.7793124943189467,0.2100446120154513
17.333333333333332,1.25,7.097148778388636,0.4096106126951862,5.977902453625847,1.1417237941948175,4.258310654033275,0.28190374559446435
17.333333333333332,1.4583333333333335,6.261596952834407,0.4019173486319114,6.392793296855402,1.2677211224862495,4.678933130444828,0.3573260587289124
17.333333333333332,1.6666666666666667,5.566898293473623,0.38283415421887984,6.71486752431567,1.3682651032945345,5.051572024949755,0.4346064750581245
17.333333333333332,1.875,4.987327859581292,0.356622174654344,6.961538511676536,1.446418499305505,5.3844687402391695,0.5125951255558943
17.333333333333332,2.0833333333333335,4.503492929932057,0.32648040543962303,7.145795324264969,1.5064397065574593,5.684142258661616,0.5906492866015999
17.333333333333332,2.291666666666667,4.099523212177375,0.29602140051996206,7.278427800408273,1.553864555306292,5.955448897500182,0.6674875488427928
17.333333333333332,2.5,3.7611775185845295,0.2677789972173716,7.369029031156336,1.5931637993639305,6.203125612031891,0.7421676968427868
17.333333333333332,2.7083333333333335,3.476346314546986,0.24198108886442316,7.425701331774622,1.6263086797596114,6.431259762774587,0.8144631110740088
17.333333333333332,2.916666666666667,3.235485548466975,0.21862248619880426,7.454961098154941,1.654240459813814,6.642813796986695,0.8842442672315035
17.333333333333332,3.125,3.031163438459852,0.1974444794093657,7.461755731631055,1.6782897856809191,6.840536788080988,0.9519011996301172
17.333333333333332,3.3333333333333335,2.8573596275319506,0.17873855361798882,7.449839113264792,1.6992326939874653,7.0261152402632066,1.0168864645573683
17.333333333333332,3.541666666666667,2.70894518419784,0.16244573112064062,7.422999322028263,1.7191932483605936,7.201414961976006,1.0794211177914108
17.333333333333332,3.75,2.5815063414420427,0.14839206073327882,7.384033874643671,1.7382626850826663,7.36791800432126,1.1389555071479418
17.333333333333332,3.9583333333333335,2.471120696332249,0.13609764046605363,7.335301933108204,1.7567551383729392,7.526925064294224,1.195982847252169
17.333333333333332,4.166666666666667,2.375008421465245,0.12528147478266333,7.279015943552648,1.7744351183508131,7.679335165411675,1.2507746679035432
17.333333333333332,4.375,2.2907275905437627,0.11574006322497754,7.216565644980277,1.7914140707526232,7.826027514376267,1.303204785957418
17.333333333333332,4.583333333333334,2.2165363969006875,0.10728440211403815,7.1490671438096145,1.8082686630961777,7.967734780359986,1.353715474093649
17.333333333333332,4.791666666666667,2.1506189537571756,0.09975047451446792,7.077841416048954,1.8246213599284034,8.104904507435034,1.401963225642424
17.333333333333332,5.0,2.091495325761941,0.09312476254442754,7.003785592359401,1.840662367481652,8.238069104762195,1.4482628036229426
19.375,0.0,19.374996531312078,1.0098254695884603e-06,1.7393810085503212e-05,9.612044517363359e-07,3.0427912795440394e-05,1.0211440774161564e-06
19.375,0.20833333333333334,16.458123728062684,0.08179307576301151,1.792499096911131,0.1318857631729978,1.1244789334510172,0.014049935732585448
19.375,0.4166666666666667,14.051151176764,0.22753180751988156,3.241108035029297,0.4046164251492671,2.082812719693492,0.05217838199531474
19.375,0.625,12.064260611449924,0.3582624144328901,4.407217403287243,0.7071355259079379,2.9035111247533223,0.10903457913051247
19.375,0.8333333333333334,10.420943986460347,0.44968908061954155,5.343180292054749,0.9894537398133125,3.6107933571547863,0.18030889823902196
19.375,1.0416666666666667,9.05993208856271,0.49818188837157046,6.090566529813408,1.2304632994142506,4.22451045698213,0.262454005743378
19.375,1.25,7.933224559311875,0.511723353003252,6.68193417114352,1.4266565149881483,4.759802522865159,0.35210027394323606
19.375,1.4583333333333335,6.999294007318962,0.5021436667246532,7.145679010220364,1.5841313085049875,5.229994759063636,0.44649102411469244
19.375,1.6666666666666667,6.222507749112117,0.4786549023161035,7.505776108114671,1.7094144232375492,5.646564986411848,0.5429829476302465
19.375,1.875,5.574553125944254,0.44554572858931474,7.781620241567673,1.8071305114516514,6.018787790385721,0.640510978120224
19.375,2.0833333333333335,5.03389391009849,0.407722731185029,7.987524030847286,1.8820790739606623,6.3536377332944145,0.7378928912527883
19.375,2.291666666666667,4.582429395865429,0.36986965233020414,8.13566661638981,1.9414828201083127,6.656859386463577,0.8339475620269898
19.375,2.5,4.204294142790749,0.3345658270156528,8.236890997839426,1.9905836544190785,6.933780954825192,0.9272271387287937
19.375,2.7083333333333335,3.8858939673813673,0.3024464836791129,8.300384795448839,2.0321324522275694,7.1887549351591575,1.0174051441498004
19.375,2.916666666666667,3.6165110490916335,0.2730928459817286,8.333135045560473,2.0669899836058474,7.425331033532118,1.1047740145455953
19.375,3.125,3.3881153386524434,0.246620294409382,8.340726937652496,2.09673927207552,7.6461926586127245,1.1893358503551315
19.375,3.3333333333333335,3.193926268880256,0.22317450104633935,8.327434717148916,2.1229644630357023,7.853671211251093,1.270661771640664
19.375,3.541666666666667,3.02808656354144,0.2029589880052019,8.297307485319017,2.147935378607889,8.04963976650135,1.3486936303268098
19.375,3.75,2.8855866996370585,0.185430270009149,8.253629344578696,2.1719911356482533,8.23578790538693,1.4230678305137496
19.375,3.9583333333333335,2.762185253077556,0.17009567102772388,8.199379445239924,2.195182845571429,8.413415974037648,1.4942301372913416
19.375,4.166666666666667,2.6546495166564275,0.15663349985499783,8.136444551297629,2.2171023105430145,8.583856997085352,1.5627998787043311
19.375,4.375,2.560520745898907,0.14456876623588039,8.066603790213177,2.2383603639181096,8.747927458739811,1.6283545288096648
19.375,4.583333333333334,2.4776091510928073,0.13403842221230655,7.9912677694176235,2.259174171572974,8.906188559895456,1.6912946152769812
19.375,4.791666666666667,2.4038656901240953,0.12461033425566886,7.911599268305339,2.279788711335996,9.05949668844949,1.7516887932250997
19.375,5.0,2.3377789718220554,0.11633637586282192,7.828802271277266,2.2998610466445712,9.208384463054031,1.8094629953924881
21.416666666666664,0.0,21.416659613772392,9.50586089799697e-07,-1.1622245009832511e-05,9.329394370844045e-07,3.3334033850954213e-06,9.886330787485928e-07
21.416666666666664,0.20833333333333334,18.19231498544413,0.09994821177381212,1.981337565116461,0.1611266194823521,1.2429324126590295,0.017158719260767764
21.416666666666664,0.4166666666666667,15.531894095311271,0.27794023128518897,3.5825010365013843,0.4943654054248195,2.302209556324917,0.06375486285580328
21.416666666666664,0.625,13.33556035155657,0.43782317214401073,4.871699386317352,0.8640373788426282,3.209481182276857,0.13327435921518
21.416666666666664,0.8333333333333334,11.518970119384738,0.5494744974462982,5.906357732633277,1.2090552696178702,3.9913731998686726,0.22031604596512522
21.416666666666664,1.0416666666666667,10.014539104715965,0.608473747021236,6.732444948060456,1.5033744614198896,4.669711782127624,0.32066519915682934
21.416666666666664,1.25,8.769354035656143,0.6250359630025522,7.386027190218565,1.742846809731412,5.2613472973418505,0.430273647851412
21.416666666666664,1.4583333333333335,7.737054579061198,0.6136785432679307,7.898537671520262,1.9358097639821175,5.781047764361059,0.5454518017536022
21.416666666666664,1.6666666666666667,6.878334932356356,0.5849866626337398,8.296830253941362,2.089104385958845,6.241640451298455,0.663415335214818
21.416666666666664,1.875,6.161879650270077,0.5443409512151264,8.601718144008773,2.207887559586533,6.653115337484642,0.7826054510378699
21.416666666666664,2.0833333333333335,5.564308347841799,0.4979888745715149,8.829172896198376,2.299493180547094,7.02316711754035,0.9018787568699793
21.416666666666664,2.291666666666667,5.065365627558609,0.45189216822808953,8.992917404834191,2.3720438961791186,7.358355517360573,1.018988939555386
21.416666666666664,2.5,4.647466668236924,0.40892093268712937,9.104839722990269,2.432310420085011,7.664403412102279,1.132919217516724
21.416666666666664,2.7083333333333335,4.2953710323871634,0.36966439427546594,9.175052233367994,2.483187326077893,7.946231974362582,1.2431143510873752
21.416666666666664,2.916666666666667,3.997547489587313,0.33373704631990087,9.211302038834296,2.5257079206535056,8.20780835845281,1.3497990313579107
21.416666666666664,3.125,3.7450461592394517,0.30129081751816317,9.219628692449016,2.5614920145708147,8.452002996128401,1.4532153861806592
21.416666666666664,3.3333333333333335,3.530451281646106,0.27270827072611953,9.204912590626757,2.5939126596237845,8.68127855734836,1.5527078421760092
21.416666666666664,3.541666666666667,3.347257854520891,0.24801382279122397,9.171572551456826,2.6244919526730324,8.897861215035432,1.647814269883514
21.416666666666664,3.75,3.1896332785499797,0.22655100895797348,9.123379468384654,2.654016880295383,9.103558477292445,1.7386755182989222
21.416666666666664,3.9583333333333335,3.0532075968729013,0.2078307410575854,9.063380266335491,2.6823388352742694,9.300059810443196,1.825625021413189
21.416666666666664,4.166666666666667,2.9344319854294882,0.19128896873228463,8.993837654207821,2.7092255066054265,9.488369088623728,1.9092458996032908
21.416666666666664,4.375,2.8303912534324853,0.17661710876316777,8.916594049427795,2.7349496017683994,9.6697223116085,1.9895489108312179
21.416666666666664,4.583333333333334,2.7386401675697933,0.16376121437273464,8.833264901302364,2.760474794620529,9.84469398475386,2.06644528552901
21.416666666666664,4.791666666666667,2.6572417804120714,0.15230162401262126,8.745247379093112,2.785521886196363,10.014178336775496,2.140325058577958
21.416666666666664,5.0,2.5841469584750842,0.1421531960290922,8.653674459215258,2.810299245143161,10.178743465006702,2.2110277802376403
23.458333333333332,0.0,23.458354602594223,9.686933197978188e-07,-3.273507847786075e-05,9.620468404460803e-07,-3.114573776035266e-05,1.027560326017011e-06
23.458333333333332,0.20833333333333334,19.92663741193787,0.11988025593550122,2.1702854712627224,0.19330077510452828,1.3615071198946156,0.02060875954466085
23.458333333333332,0.4166666666666667,17.012623389768667,0.33349308595169425,3.924065097915335,0.5931695434025048,2.5216867362785105,0.07646197034353767
23.458333333333332,0.625,14.606860304679588,0.5253426171589837,5.336012100680806,1.0366091431099604,3.515378191218746,0.15984098659540247
23.458333333333332,0.8333333333333334,12.616900650417152,0.6592379109700662,6.469489544023215,1.45067237657426,4.371964674291398,0.26431670380522765
23.458333333333332,1.0416666666666667,10.969131450109986,0.729947511596805,7.374292820347178,1.8034941759093277,5.114934951891775,0.3847651994130254
23.458333333333332,1.25,9.605404630261159,0.7498050032086276,8.0900465478634,2.0911445238105912,5.762828674964114,0.5163742887816415
23.458333333333332,1.4583333333333335,8.474758245457789,0.7364950523730457,8.651413284716256,2.3224590913317287,6.332105145222044,0.6543194706611359
23.458333333333332,1.6666666666666667,7.533855443483294,0.7019192766572772,9.087811484448695,2.506538897360585,6.83673687262272,0.795724025797619
23.458333333333332,1.875,6.749141356776379,0.6528841268870124,9.421862426102427,2.649036760572252,7.28729262665291,0.939042011773573
23.458333333333332,2.0833333333333335,6.094681311208839,0.5973380821918779,9.67093411648373,2.758537357165491,7.692668390572438,1.0819311459606293
23.458333333333332,2.291666666666667,5.548446704628197,0.5421566010661988,9.850153735281374,2.845844686999378,8.05980660394051,1.22272511927319
23.458333333333332,2.5,5.090549615443205,0.4906819129888596,9.972770670550661,2.9186141938572256,8.395029528398597,1.359122281104405
23.458333333333332,2.7083333333333335,4.704804324713641,0.44350353657457925,10.049734824600867,2.979531517480051,8.703730932421822,1.491418034292772
23.458333333333332,2.916666666666667,4.378557841419325,0.40034114607091237,10.089505506412724,3.029920937820587,8.990299634783305,1.6195472020378519
23.458333333333332,3.125,4.102024662156802,0.3614426137206234,10.098525020811165,3.073092930241032,9.257761394938163,1.743602896715005
23.458333333333332,3.3333333333333335,3.8670582636391138,0.32721646860730197,10.082423163574962,3.112033411798503,9.508854053167504,1.8629066327316908
23.458333333333332,3.541666666666667,3.666329843680953,0.29757312173735034,10.045859370999343,3.1487195549784968,9.746043925515735,1.9770008191097181
23.458333333333332,3.75,3.4937060063403695,0.2718684896256743,9.993130388771279,3.184388583942467,9.971438071058834,2.085976128714194
23.458333333333332,3.9583333333333335,3.3442935304829007,0.24936974042090618,9.92742635104249,3.2182121253099645,10.186551643677598,2.190428602452852
23.458333333333332,4.166666666666667,3.2140921636666846,0.22953988793543295,9.851238557570749,3.250438539137355,10.392972140444712,2.2907265276147544
23.458333333333332,4.375,3.1001134457402295,0.2119073072843439,9.766666604431313,3.2814126929396896,10.591521479383385,2.3869251249321404
23.458333333333332,4.583333333333334,2.999694359957004,0.1964321105646551,9.675336271609668,3.3117718625870936,10.783207812951707,2.479393176906983
23.458333333333332,4.791666666666667,2.9105912961004705,0.18271909772674155,9.578974262741438,3.3419649237044116,10.968811386852606,2.56771996955168
23.458333333333332,5.0,2.8305052045192025,0.17051667126672065,9.478743285384025,3.371515017820193,11.149120467893612,2.6524818564399224
25.5,0.0,25.499973270533054,9.59788978037444e-07,2.6412950398410423e-05,9.711313495301238e-07,1.4358589403439052e-05,9.175905289094214e-07
25.5,0.20833333333333334,21.66091141669993,0.14163545167305697,2.3591769640298024,0.22842560926447483,1.4799505848213292,0.02434198021344301
25.5,0.4166666666666667,18.493351459452644,0.3940398935372376,4.2654862744984765,0.7008962196044233,2.7411754027779778,0.09034576165082973
25.5,0.625,15.878178923192213,0.6208103418625984,5.800462340278172,1.225142036562128,3.821371196652173,0.1888988400798326
25.5,0.8333333333333334,13.714771365213826,0.779082463894439,7.032716735650799,1.71419005039414,4.752488653064609,0.31230257915234655
25.5,1.0416666666666667,11.923779650044615,0.8622019917659061,8.016158080151827,2.1307629481559998,5.560067424301317,0.45462772652262057
25.5,1.25,10.441581264957708,0.8858892727523023,8.794017412272103,2.470856231787803,6.264389022184558,0.6100135947526496
25.5,1.4583333333333335,9.212500103650513,0.870580685782063,9.404362772278333,2.74464125193815,6.883239729749115,0.7732104395233691
25.5,1.6666666666666667,8.189483689324657,0.8294033760653211,9.878832929298108,2.962130667446216,7.431714494323884,0.9402693571160019
25.5,1.875,7.336485843710619,0.7713850678349519,10.24193197274003,3.1297176263129405,7.921626670577301,1.1097014558485978
25.5,2.0833333333333335,6.625191577544714,0.7056630584765398,10.51264189412069,3.2594467430235095,8.36227715316167,1.2786775206290732
25.5,2.291666666666667,6.031411670241491,0.6405379120711568,10.707356827983153,3.3629092592613032,8.761220407083849,1.444618793111969
25.5,2.5,5.533677082126803,0.580036190123684,10.840649708042962,3.448853271308509,9.125644187539693,1.6059765543182254
25.5,2.7083333333333335,5.114268970660475,0.5242932827187298,10.924463273968342,3.520470798310623,9.461244428608254,1.7621577688858294
25.5,2.916666666666667,4.759638342496375,0.4729864467736953,10.96763402430295,3.5804211387279814,9.772742415038879,1.913727539697343
25.5,3.125,4.459020884887789,0.42700375410597335,10.977555230714433,3.631222033118471,10.063467702642727,2.060418851395012
25.5,3.3333333333333335,4.203597721442324,0.3865907050407365,10.959918836159797,3.677138178034325,10.336431027597737,2.2011216477815387
25.5,3.541666666666667,3.985511983237353,0.35167855199428294,10.920159352317853,3.720713587393313,10.594295591467263,2.3360687096946116
25.5,3.75,3.7978380173083726,0.32127023983703534,10.862853490099882,3.762631915201898,10.839303282184694,2.464798123517414
25.5,3.9583333333333335,3.635346460773101,0.2946398277085598,10.791481341324772,3.8028070796830353,11.073196420266077,2.5881170545221686
25.5,4.166666666666667,3.493757341678565,0.271188547313124,10.70869108213352,3.840611591364923,11.29755876112375,2.706990218159394
25.5,4.375,3.3698969752784382,0.25035144352524624,10.616760159191887,3.8771255013937886,11.513366650835733,2.8204111294249197
25.5,4.583333333333334,3.260836489159371,0.2320940285938179,10.517511483993669,3.9134502875988093,11.721704708832448,2.929874505800435
25.5,4.791666666666667,3.163834175657061,0.2159612202230533,10.412651483881572,3.9490999425506765,11.923514481291026,3.0341157823110754
25.5,5.0,3.0768703070394285,0.20147715714978323,10.303708143882108,3.984265780053177,12.119501985804963,3.134588478121037
27.541666666666664,0.0,27.54171510328375,1.0331024574668852e-06,4.648112829996893e-05,1.0272662385372751e-06,-2.351216396392449e-05,1.0359034676678432e-06
27.541666666666664,0.20833333333333334,23.3951562599338,0.16521965706728434,2.5480152510814222,0.2664202002806654,1.5984081704784794,0.028414312482736646
27.541666666666664,0.4166666666666667,19.974164132515078,0.4596403591885455,4.606894904415461,0.8176037469698659,2.960623465411869,0.10538221078961502
27.541666666666664,0.625,17.149479518421636,0.7244577673832271,6.264940036221123,1.4293268291964865,4.1272250198364375,0.2203014802878508
27.541666666666664,0.8333333333333334,14.812711237592012,0.9088167863125848,7.595887129190007,1.9996107959784128,5.133039698054819,0.3642923345605051
27.541666666666664,1.0416666666666667,12.878433451264609,1.0056090472475847,8.657920395656896,2.485188515404798,6.0052566760410615,0.5304676836383668
27.541666666666664,1.25,11.277725922535007,1.0334950840024903,9.498037284604157,2.882103140561095,6.7659099435734555,0.7117037916369905
27.541666666666664,1.4583333333333335,9.950085971337918,1.0159746574477007,10.157287055939301,3.2021547717740777,7.434304269736661,0.9017815536790059
27.541666666666664,1.6666666666666667,8.845083862989627,0.9677762481316734,10.669826976169649,3.4553602697983825,8.02672701902895,1.0968946114274811
27.541666666666664,1.875,7.923760171582788,0.8994685638111705,11.061968953658823,3.6508323986624642,8.55591691954369,1.2944825257304837
27.541666666666664,2.0833333333333335,7.155625052736985,0.8230092168446169,11.354196187498353,3.801763008025773,9.031774004683182,1.491659571700116
27.541666666666664,2.291666666666667,6.514435443191433,0.7473070115527509,11.564566296897182,3.922962076550098,9.462668554388515,1.6851688273237697
27.541666666666664,2.5,5.976764960759831,0.6766971042841696,11.708637679755364,4.023551996357024,9.856338100922525,1.8733158204599585
27.541666666666664,2.7083333333333335,5.523683375859483,0.611504305708956,11.799066681848716,4.107548967041488,10.218847706544398,2.0555467444366897
27.541666666666664,2.916666666666667,5.140621274106488,0.5517096710722352,11.845792149102216,4.176398020588413,10.555227227019333,2.232549237765373
27.541666666666664,3.125,4.815997055549953,0.4979989604862637,11.856427345208745,4.23575878318011,10.869259938503252,2.403587218435481
27.541666666666664,3.3333333333333335,4.540281734466642,0.45099930959758616,11.837404939325337,4.289602489612464,11.164063834571884,2.567965457562882
27.541666666666664,3.541666666666667,4.304639762136735,0.4101459905056689,11.794526727313825,4.340432547845104,11.442533621850366,2.72509303734804
27.541666666666664,3.75,4.101979775037681,0.37486060751685535,11.732602960544831,4.389272617362198,11.707092214152079,2.8753621505730065
27.541666666666664,3.9583333333333335,3.9264260392169192,0.3437400963709293,11.655566506076122,4.4358968281547,11.95982034741919,3.0193260252013
27.541666666666664,4.166666666666667,3.773506073982704,0.3163039151072789,11.566080169046185,4.480093304998773,12.202014199288914,3.157688870810828
27.541666666666664,4.375,3.6397188078484874,0.29207606318739293,11.466757855845715,4.523315920550635,12.435179899718902,3.2903387699378293
27.541666666666664,4.583333333333334,3.5218552561861065,0.27071554866041947,11.35950411093558,4.565269658198774,12.660258680725898,3.4177025961511727
27.541666666666664,4.791666666666667,3.4171750300680146,0.25190130928410204,11.246354732931621,4.6064250060311505,12.878123600720281,3.539537305505659
27.541666666666664,5.0,3.323143483023864,0.23507197630987428,11.128660213460288,4.6471475194860705,13.089829425435626,3.6564944474290098
29.583333333333332,0.0,29.583339141844473,1.0275497683008881e-06,3.3392266444114827e-05,9.667051050382484e-07,8.86092170105626e-06,1.0730550601326832e-06
29.583333333333332,0.20833333333333334,25.12952535934535,0.19058046677195,2.7368589133521564,0.30743901423358805,1.7169337229849484,0.032780877147524166
29.583333333333332,0.4166666666666667,21.454937250155332,0.5302439106274609,4.948362012002561,0.9432766519634513,3.1800036983597773,0.12156333428675302
29.583333333333332,0.625,18.42064776948605,0.8362417560927641,6.7294175147324315,1.649595188886242,4.433213658769197,0.2542283991827316
29.583333333333332,0.8333333333333334,15.910439084002741,1.0485516257907257,8.159185841243406,2.307169143145886,5.513654904183677,0.42040222351325474
29.583333333333332,1.0416666666666667,13.833174355006529,1.1595759984552838,9.299649724895184,2.8671911747795242,6.4504696630400975,0.6121052471532359
29.583333333333332,1.25,12.113989245405035,1.192233104183988,10.201903361668132,3.3252501972172643,7.267382181479594,0.8211937529896072
29.583333333333332,1.4583333333333335,10.68777588941389,1.1725568241291262,10.910257024112685,3.6950315466338726,7.9853297309582105,1.040535422722846
29.583333333333332,1.6666666666666667,9.50051361778647,1.116899527245427,11.46090882264195,3.9871107923772877,8.621796602247334,1.2654174567844885
29.583333333333332,1.875,8.511020092745994,1.0373538794552897,11.882131718423667,4.211578821379067,9.190259168057421,1.4936931011586945
29.583333333333332,2.0833333333333335,7.686248713641385,0.9492781523290627,12.19582567923661,4.38580259379284,9.701258186766134,1.7211136659507078
29.583333333333332,2.291666666666667,6.99753193879264,0.8622204597611598,12.421726308948863,4.5264256639203255,10.164077466060531,1.9443806121293314
29.583333333333332,2.5,6.419893505968007,0.7809641723521529,12.576551537621972,4.64265505684545,10.58687422709511,2.1611008128417164
29.583333333333332,2.7083333333333335,5.9330754018077645,0.7056300883292128,12.673909527894363,4.73872498588039,10.976439741255884,2.371497602514284
29.583333333333332,2.916666666666667,5.521601916567725,0.6364523647976716,12.72404128054309,4.818442845460844,11.337705744716565,2.5758989672513897
29.583333333333332,3.125,5.173040321077776,0.5744396084784754,12.735338391951856,4.886740458352228,11.674942189528295,2.7732274128090877
29.583333333333332,3.3333333333333335,4.876898926280055,0.5202041089500599,12.71484986205315,4.948998405185761,11.991658876496452,2.9630258753507057
29.583333333333332,3.541666666666667,4.6238157096094605,0.473318571221236,12.668829244673372,5.0080551898675365,12.29070057374013,3.1439874258124663
29.583333333333332,3.75,4.406035756959471,0.4325632239956191,12.60233825457213,5.064550512144383,12.574987590919692,3.3173162907267413
29.583333333333332,3.9583333333333335,4.21741874291686,0.3966632613244459,12.51952580715735,5.118160942173944,12.846361868657464,3.483482362793002
29.583333333333332,4.166666666666667,4.053246483111026,0.36494573575295625,12.423466820151173,5.169206760382585,13.106609877417773,3.6431885966746216
29.583333333333332,4.375,3.909547805685448,0.33693365157200617,12.31676656386964,5.218247001426404,13.357058584791302,3.7963232602819956
29.583333333333332,4.583333333333334,3.7829659446070534,0.3123467256315079,12.20161163717613,5.266911860458849,13.59872886303153,3.9432815407492425
29.583333333333332,4.791666666666667,3.6705039092484255,0.29067662870036387,12.080018297747385,5.314915588846236,13.832817249216628,4.083708118411966
29.583333333333332,5.0,3.569547574408045,0.2711965986196144,11.953636584118165,5.361856835372293,14.060187605835663,4.218642305508297
31.624999999999996,0.0,31.625026523981383,9.851849856947502e-07,-1.595211495082917e-05,9.466252783339872e-07,-1.585051133459645e-06,1.0131341293943295e-06
31.624999999999996,0.20833333333333334,26.86388640701711,0.2177587361271256,2.9255809027369946,0.3512826036865432,1.8353657637619636,0.03746111628724957
31.624999999999996,0.4166666666666667,22.935826691841807,0.6060077698978625,5.289782087057456,1.0780434037708895,3.399424394339383,0.13892054524291514
31.624999999999996,0.625,19.69182199514501,0.9559595973872291,7.193956469298239,1.885524200980184,4.739264983458588,0.29043245963858144
31.624999999999996,0.8333333333333334,17.00808253510643,1.19797211086371,8.722594555185568,2.636349062791962,5.894348694409809,0.4804584793593135
31.624999999999996,1.0416666666666667,14.788006007328121,1.32450704644603,9.941455637864493,3.2757112460096542,6.8956501068253555,0.6996951593532119
31.624999999999996,1.25,12.950496952908063,1.362627344016065,10.905736883412054,3.8003086331295655,7.768773426450527,0.9382964458867856
31.624999999999996,1.4583333333333335,11.425465246685789,1.3406562719181991,11.663129018807616,4.223810026380337,8.536427346287265,1.188923928096978
31.624999999999996,1.6666666666666667,10.155879571533685,1.2763991940935324,12.252214351777129,4.556428467013866,9.216971552866935,1.446090825522723
31.624999999999996,1.875,9.098184604685127,1.1851611727616802,12.702221913324815,4.811938438940306,9.824604025262175,1.7072220387768653
31.624999999999996,2.0833333333333335,8.216905293541553,1.0842299874301047,13.037369432480828,5.011837696661807,10.370730866060894,1.9670190502392393
31.624999999999996,2.291666666666667,7.480684504890118,0.9856628613173156,13.27884079722494,5.173182273866188,10.86544291557611,2.2217971528927545
31.624999999999996,2.5,6.862970103475885,0.8929507896445963,13.444495813964489,5.3064482610171915,11.317508821402225,2.4695813243178275
31.624999999999996,2.7083333333333335,6.342379988918238,0.8066239697138051,13.548740400953259,5.415706149203409,11.733944673291404,2.710102537072187
31.624999999999996,2.916666666666667,5.902447267110084,0.7271819102607924,13.602230561333547,5.506166705150228,12.120235990491413,2.9438926294686945
31.624999999999996,3.125,5.530090885050694,0.656357542368132,13.614183641041127,5.584020899512063,12.480760280400078,3.169531586484371
31.624999999999996,3.3333333333333335,5.2135246557680075,0.5945396624530744,13.592258487804632,5.655525635993356,12.819177287033046,3.385727045337468
31.624999999999996,3.541666666666667,4.943003889175198,0.540981664316827,13.54311125002215,5.723529662294233,13.138955737599147,3.5926853054482915
31.624999999999996,3.75,4.710096380394796,0.49440082377782696,13.472067981811186,5.788401345383649,13.442800272773097,3.7905411848272634
31.624999999999996,3.9583333333333335,4.508373036091499,0.4532814100200712,13.383537057537922,5.8488149780522525,13.732978499702243,3.9810061873277096
31.624999999999996,4.166666666666667,4.332891501374271,0.41694410066063664,13.280922398265858,5.9068006514867735,14.011131767889932,4.163445016493569
31.624999999999996,4.375,4.179397110073548,0.3849953894871303,13.1668354051032,5.9634482597805345,14.278885176028394,4.338531216816789
31.624999999999996,4.583333333333334,4.044106858232787,0.3569361747319984,13.043645979013727,6.0189167404733706,14.537230792199141,4.506155170483855
31.624999999999996,4.791666666666667,3.923762516223342,0.33206888974501747,12.913666846540808,6.074234725149721,14.787507040670803,4.66695175565574
31.624999999999996,5.0,3.8158836372186475,0.309946823803309,12.778576208849094,6.127963659740653,15.030548040466762,4.821001233427205
33.666666666666664,0.0,33.66664968068238,1.0517959637527716e-06,5.0963926545252475e-05,9.886247063268499e-07,2.0911500600975488e-05,9.184822090070478e-07
33.666666666666664,0.20833333333333334,28.59836535975589,0.24679356371078784,3.1145568399496364,0.3981039202171328,1.9538542790296447,0.04244188691155915
33.666666666666664,0.4166666666666667,24.416639764606806,0.6869206770642875,5.631199178418332,1.2217274796214874,3.6188471252372083,0.15747242460986094
33.666666666666664,0.625,20.962777677336117,1.0838546607373658,7.658568082948702,2.1371376649436087,5.045301580448778,0.32907908995983115
33.666666666666664,0.8333333333333334,18.105720353207655,1.3570525438275318,9.28592547392588,2.9872053400246905,6.275018719230856,0.544587991359323
33.666666666666664,1.0416666666666667,15.742873276610919,1.5005150139564634,10.583126248697713,3.711458727893545,7.340666945271512,0.7929623814231365
33.666666666666664,1.25,13.786976676485963,1.544747465541778,11.609513988864668,4.306962933407724,8.270215250559204,1.0633126593990323
33.666666666666664,1.4583333333333335,12.163045087570897,1.5203190877980606,12.416136790316209,4.7877795997654635,9.087455992342388,1.346893026890538
33.666666666666664,1.6666666666666667,10.811134518948384,1.4461481372914102,13.04337638912398,5.1635702373434365,9.812160924693961,1.6390205906820496
33.666666666666664,1.875,9.685438040187371,1.3421691165104794,13.522335496526797,5.452466615435146,10.458976247295961,1.9350647392729707
33.666666666666664,2.0833333333333335,8.747607054577442,1.228738382449208,13.878830932165718,5.679175436478767,11.04021751681909,2.22930270571854
33.666666666666664,2.291666666666667,7.963944578094122,1.1175301178502923,14.135896313198518,5.8632451631955025,11.566836261885928,2.51776150544725
33.666666666666664,2.5,7.306033986229183,1.0124798065137983,14.312471643620556,6.014597121835633,12.048169010554892,2.7984733344558337
33.666666666666664,2.7083333333333335,6.751650572276536,0.9140905022209568,14.423517496361216,6.137822152781251,12.491594457387833,3.0715004041969713
33.666666666666664,2.916666666666667,6.283372729664717,0.8237226100727063,14.480421832211631,6.239220994909425,12.902752384461749,3.33648187798444
33.666666666666664,3.125,5.887023992013981,0.7434670135673733,14.49314692894797,6.327794838469219,13.286511323837189,3.5920488935977644
33.666666666666664,3.3333333333333335,5.5502727347801795,0.673705235380675,14.469658310989516,6.409688971670598,13.646722597938462,3.836966150102657
33.666666666666664,3.541666666666667,5.262177179336921,0.6133267551180527,14.417306787021905,6.4866220451418934,13.987137574266137,4.071355892968968
33.666666666666664,3.75,5.014148273084929,0.5604070850282694,14.341884007601614,6.559930519365851,14.310637705525489,4.295729020485507
33.666666666666664,3.9583333333333335,4.799397204402502,0.5136809428107518,14.247732185000848,6.628309660021543,14.619598008156919,4.511480948515539
33.666666666666664,4.166666666666667,4.612546454125057,0.47254247398510574,14.138346447964862,6.693755076745117,14.915715533736625,4.7184879643533515
33.666666666666664,4.375,4.4491943722184155,0.43628815466103965,14.016817826137046,6.757783956791978,15.200681964038147,4.917076427040495
33.666666666666664,4.583333333333334,4.305182428993492,0.40453191982234743,13.885810641787,6.820942770531579,15.475701609296571,5.107232533548682
33.666666666666664,4.791666666666667,4.177145845847716,0.3763694248175769,13.747418362823126,6.88318857936287,15.742174520719907,5.289111819755786
33.666666666666664,5.0,4.062215245313943,0.35120362911840597,13.603521084258743,6.944200636933426,16.00087488890034,5.463210862975988
35.70833333333333,0.0,35.708384637081366,9.342218360670811e-07,8.968272897094048e-05,1.0343205858214964e-06,9.113234877153557e-06,1.0612464732134377e-06
35.70833333333333,0.20833333333333334,30.332640370309296,0.27757885926285825,3.303322297588662,0.4477545914618015,2.0723432422732997,0.04774001529242698
35.70833333333333,0.4166666666666667,25.89745261275767,0.7729143512991323,5.972634970257793,1.3744483308563848,3.838225753157627,0.17710860277284712
35.70833333333333,0.625,22.233739428724057,1.219631723997918,8.123244295442094,2.404595431311536,5.351321103923141,0.37014413411748714
35.70833333333333,0.8333333333333334,19.20342144317837,1.5259282737342765,9.849313102416653,3.35996241366992,6.655638667144483,0.6126848151719312
35.70833333333333,1.0416666666666667,16.697862802885915,1.6875200209426684,11.224784560905134,4.1745852056086195,7.785794908357696,0.89212973542899
35.70833333333333,1.25,14.623437435267817,1.7385306671647296,12.313312204664085,4.845971956672091,8.771641772245165,1.196125741131412
35.70833333333333,1.4583333333333335,12.900471305636016,1.7111629208367962,13.169173294371252,5.387047185243576,9.638637831360258,1.5151407378427386
35.70833333333333,1.6666666666666667,11.466424827624552,1.6263206172966498,13.834641749426815,5.808316293371044,10.407279150024557,1.843928634266434
35.70833333333333,1.875,10.272757776833409,1.5092002113743284,14.342381620974797,6.132827830759786,11.093213729021896,2.1769873750435025
35.70833333333333,2.0833333333333335,9.278412925370603,1.3821699582261089,14.72028205258556,6.388592985069903,11.709632021814159,2.507909168077002
35.70833333333333,2.291666666666667,8.447233349695937,1.2577875346322498,14.99300520446813,6.59704611751688,12.268138126394005,2.831963194115822
35.70833333333333,2.5,7.749096556785849,1.1394823739624873,15.180478154636916,6.766805919761228,12.778783291485592,3.1477513536707056
35.70833333333333,2.7083333333333335,7.160843550535792,1.0281903243503163,15.29835492296667,6.9046744994146865,13.249216424132392,3.4554772781552754
35.70833333333333,2.916666666666667,6.6642632666100186,0.9263724726853396,15.358708984174024,7.018149848146129,13.685268468003656,3.7539984416768397
35.70833333333333,3.125,6.244158566341108,0.8363580181352047,15.371998156735177,7.1182843955296695,14.092159757772471,4.04126344953817
35.70833333333333,3.3333333333333335,5.886968082333644,0.7581445685461834,15.347047726525902,7.21075415788179,14.474316434642292,4.316573192580243
35.70833333333333,3.541666666666667,5.581368640307257,0.6902122905260456,15.291634898196186,7.298043159507236,14.835366846454999,4.58000189823383
35.70833333333333,3.75,5.318258918005313,0.6306193591794002,15.211637601841568,7.380175465213233,15.178538459921887,4.832527798411784
35.70833333333333,3.9583333333333335,5.090350275669276,0.5778526172444404,15.111803892914246,7.456358827699966,15.506171677432238,5.0752865708019765
35.70833333333333,4.166666666666667,4.892247276265251,0.5314711974927993,14.995800382486212,7.529981131430905,15.820286749406575,5.3085940879779185
35.70833333333333,4.375,4.719023219587267,0.49077193474738134,14.866889372504982,7.60217798154984,16.122444437381404,5.53174349143342
35.70833333333333,4.583333333333334,4.566295400582075,0.4550980664305117,14.727830835555464,7.673406211067583,16.41423935506611,5.745238165918047
35.70833333333333,4.791666666666667,4.430489445030963,0.42345025278989346,14.581080803468561,7.743901177131508,16.696780023564433,5.949630122561211
35.70833333333333,5.0,4.308623005837553,0.3950752257918378,14.428508885903288,7.81224809277182,16.97120328879443,6.14604792448502
37.75,0.0,37.75001744189356,9.879825107627997e-07,2.4406125029159335e-05,9.361702233271559e-07,-2.3943611409996804e-05,9.434180709737552e-07
37.75,0.20833333333333334,32.067058710687576,0.31027631203086103,3.492219871669823,0.5003931938019015,2.190811761935247,0.05335612637168788
37.75,0.4166666666666667,27.378236046421808,0.8638887580835267,6.31405250294379,1.5364171671091786,4.0576349615244425,0.19793234810589402
37.75,0.625,23.504679094256637,1.363231621681843,8.587890218717062,2.6874782187410045,5.657483368458007,0.4137940833664419
37.75,0.8333333333333334,20.30129292412086,1.7048728984869714,10.41242817868822,3.7543667197118813,7.0362193009192735,0.6850299710633303
37.75,1.0416666666666667,17.65290824290522,1.8856047664230229,11.866157034914472,4.665281921118614,8.230874243415322,0.9971858619136628
37.75,1.25,15.459886651035761,1.9437483742799109,13.017162119761156,5.416980964517255,9.272983653662973,1.336452611980032
37.75,1.4583333333333335,13.637855877280202,1.9128960493473837,13.92233118071725,6.021268032497813,10.189854735910018,1.6930008745267369
37.75,1.6666666666666667,12.12172601270939,1.8170034234619001,14.625913715099024,6.490385449829797,11.002518886915736,2.061006076462243
37.75,1.875,10.860138812846424,1.6859332176500608,15.16235032585889,6.853038508092449,11.727514428607718,2.433493293866707
37.75,2.0833333333333335,9.809231519375267,1.5448150366132845,15.561761757254711,7.140209064742556,12.378971185340408,2.803013957147345
37.75,2.291666666666667,8.930320063172356,1.406355651819374,15.850142096249334,7.373615057145758,12.969467419775626,3.1647049106967007
37.75,2.5,8.191980437220204,1.2737754598515512,16.048497252544024,7.563115737697038,13.509449313774637,3.5176531427969047
37.75,2.7083333333333335,7.570041096747253,1.1488196364674323,16.173153917021004,7.716065520072879,14.006719678095056,3.861792294927481
37.75,2.916666666666667,7.045199429570816,1.034958895179992,16.236886658322362,7.842907831037452,14.467841728433735,4.1956193914906095
37.75,3.125,6.601302073125214,0.9345434886277324,16.250790842067463,7.955195976529708,14.897902877202414,4.516814168084948
37.75,3.3333333333333335,6.223730702238418,0.847407001186997,16.224496165119426,8.059371896326377,15.301803015408964,4.8241074628555625
37.75,3.541666666666667,5.900542563065332,0.771516769417067,16.165878601066,8.156650424888893,15.683520029145438,5.118403841000082
37.75,3.75,5.622196259568736,0.7047132869058288,16.081407488368452,8.247897111845933,16.046379539941,5.4005417557373985
37.75,3.9583333333333335,5.3813410299318996,0.6456737129943213,15.975863730265013,8.333474146310806,16.392796442223887,5.672254426996383
37.75,4.166666666666667,5.171930469322982,0.5938547445603461,15.853256474724484,8.41523992747092,16.72486606990211,5.932921062700787
37.75,4.375,4.9888610232391715,0.5485378283366104,15.716871346790105,8.495952880876317,17.04428934014123,6.182348299158335
37.75,4.583333333333334,4.8274117865137836,0.5086301569186722,15.569912439687542,8.57598197377627,17.352729266913055,6.421019433604637
37.75,4.791666666666667,4.683814830200101,0.4732260210965156,15.414768098859941,8.654795341575223,17.651399107401108,6.6495912477142305
37.75,5.0,4.555003745410341,0.4416694038684212,15.25350076260721,8.731387433483203,17.941569101548343,6.869146755123296
39.791666666666664,0.0,39.79168531772921,9.81777410775745e-07,-5.620340074450335e-05,1.0185266322465121e-06,7.816217215646945e-05,1.002333477582015e-06
39.791666666666664,0.20833333333333334,33.80142105734445,0.34474450253791306,3.6810498415593385,0.5560075242894694,2.309293261072993,0.05926771178848125
39.791666666666664,0.4166666666666667,28.85892700381842,0.960079841748632,6.655562981315977,1.707180075053956,4.277139423048528,0.21991795440669604
39.791666666666664,0.625,24.77549822930217,1.51455392094195,9.052605919016171,2.9862194571820684,5.963519232286469,0.4597642181998957
39.791666666666664,0.8333333333333334,21.39915568902489,1.8932844418492205,10.975676280460725,4.170767813467812,7.416764146382081,0.7612863840804812
39.791666666666664,1.0416666666666667,18.60806836914046,2.0949198158320606,12.507700639840577,5.183372068039822,8.6758818423228,1.1078702867416947
39.791666666666664,1.25,16.29620977730068,2.160809817499319,13.721039969172173,6.0198881058837825,9.77440054167986,1.484753002013099
39.791666666666664,1.4583333333333335,14.375179362471535,2.1257934059695427,14.675533496052976,6.690968260264046,10.740973728162539,1.8812042846098989
39.791666666666664,1.6666666666666667,12.776984703777783,2.0180983610132204,15.417024873923339,7.210424035532286,11.597613999230816,2.2902293897102393
39.791666666666664,1.875,11.447634514932705,1.8728172205202007,15.982273805902256,7.613397512300406,12.361751817844867,2.703905450187957
39.791666666666664,2.0833333333333335,10.340088561360801,1.7167432732277885,16.40320853823339,7.934069753648531,13.048375157600224,3.114307652252949
39.791666666666664,2.291666666666667,9.413472829603704,1.5631884049211613,16.7072994168604,8.194367926513527,13.67096021356215,3.516032138399834
39.791666666666664,2.5,8.634903366483405,1.4153591820631821,16.91661371111151,8.40408455336769,14.240122548138178,3.9083021570118124
39.791666666666664,2.7083333333333335,7.979313035825943,1.2761143214769899,17.048035264653215,8.572639994360156,14.764413062207492,4.291029747474327
39.791666666666664,2.916666666666667,7.426245452833027,1.1496314715750955,17.11512205326507,8.713771689409427,15.250322988711563,4.661925181310273
39.791666666666664,3.125,6.9584048209657015,1.0382888432624873,17.129655609063427,8.838806138679455,15.703637943517231,5.0185524438026805
39.791666666666664,3.3333333333333335,6.5604083785626335,0.9417184554855951,17.101902837432377,8.955231257758383,16.129321526955707,5.359651141776413
39.791666666666664,3.541666666666667,6.219639364517504,0.8574576876550714,17.040164442594953,9.06335474377259,16.53175750870445,5.686644417819454
39.791666666666664,3.75,5.926235822643703,0.7829989833853437,16.951295491627537,9.164212739327455,16.914270627276835,6.000513131818721
39.791666666666664,3.9583333333333335,5.6723576559989635,0.7172792373187808,16.83992035187071,9.258798692611384,17.27937316683446,6.302696674558086
39.791666666666664,4.166666666666667,5.451688791184456,0.6596991387800839,16.710604029747884,9.34994435121231,17.62937207545276,6.591938050846882
39.791666666666664,4.375,5.258698246663712,0.6093512071281227,16.566890075505697,9.4396704004967,17.966049666675993,6.869661037243334
39.791666666666664,4.583333333333334,5.088502821380585,0.565231131334129,16.41199043430249,9.528553625862841,18.29119325561193,7.134310156445922
39.791666666666664,4.791666666666667,4.937181637807591,0.5258813994517393,16.24842032380963,9.61640487864759,18.606074599651382,7.388446434264844
39.791666666666664,5.0,4.8013026469811395,0.490590233046576,16.078413296065843,9.701765540629433,18.911923264339276,7.632307781507432
41.83333333333333,0.0,41.833352666195566,9.92548352177485e-07,-2.179167526257879e-05,9.147135095602446e-07,-2.9689111431753422e-05,9.490791405730922e-07
41.83333333333333,0.20833333333333334,35.53571990876706,0.38104859230483046,3.8698353731355533,0.6145408457395215,2.42779425082035,0.06555616455607557
41.83333333333333,0.4166666666666667,30.339694728557014,1.061173369538527,6.997020836975003,1.8868202810898929,4.496590135872363,0.24302179006370517
41.83333333333333,0.625,26.046421251532635,1.6738683454785217,9.51732147565968,3.3005386720240457,6.269633337231398,0.5081454653165115
41.83333333333333,0.8333333333333334,22.497184113045236,2.0919252197135196,11.53872394362316,4.608860561095883,7.797381677613068,0.8414135755769097
41.83333333333333,1.0416666666666667,19.563242952217028,2.315720706187168,13.1491655360451,5.729338092091612,9.120898552395877,1.2244243345231625
41.83333333333333,1.25,17.132477587629133,2.389121177278653,14.424982071908627,6.65468274594709,10.27587874559274,1.6406337352026699
41.83333333333333,1.4583333333333335,15.112402476816712,2.3498285839193684,15.428718295250427,7.39506917574541,11.292179983390291,2.0789815331864188
41.83333333333333,1.6666666666666667,13.432347266559999,2.2296898319708442,16.20825378334466,7.968624816602081,12.192773937425182,2.531699208140867
41.83333333333333,1.875,12.035219073872613,2.0694295736345354,16.802244117388994,8.413867890182614,12.995953992057716,2.988990081168022
41.83333333333333,2.0833333333333335,10.870900892572987,1.8977624809459928,17.24467204201467,8.769845826420417,13.717764810500212,3.441842584748938
41.83333333333333,2.291666666666667,9.896479707472281,1.7284044805504277,17.564546055718885,9.057492918342767,14.372350486118787,3.885524515925743
41.83333333333333,2.5,9.077817901451816,1.5646368080274415,17.784717463192006,9.289039907084364,14.970857039417897,4.319499221347913
41.83333333333333,2.7083333333333335,8.388470308468495,1.4099826007966612,17.922818380849684,9.473864729787742,15.521988012224607,4.743378011141245
41.83333333333333,2.916666666666667,7.807354404796107,1.2702387497584953,17.993179759453515,9.629804356514086,16.032729765570863,5.152734018901951
41.83333333333333,3.125,7.315544937881692,1.147561230641289,18.008492373995775,9.76919834267739,16.509304096939506,5.5469716868657795
41.83333333333333,3.3333333333333335,6.8970751101893075,1.041057950176476,17.97934329286059,9.898461729069549,16.956881895338555,5.923898098044583
41.83333333333333,3.541666666666667,6.5388156681624965,0.9477600012497855,17.914572342733972,10.018472100295625,17.3800138956069,6.2850769964855635
41.83333333333333,3.75,6.2302551035470115,0.8652418001094203,17.820983237382666,10.128734254566691,17.782130767714424,6.632293292695261
41.83333333333333,3.9583333333333335,5.963323416543646,0.7926868403977408,17.703985327355664,10.232753635267297,18.165989073859937,6.9662227663020175
41.83333333333333,4.166666666666667,5.7312786126173885,0.7290416568199906,17.568015794492233,10.334112543481696,18.533895907869113,7.286081589423614
41.83333333333333,4.375,5.528480027394201,0.6735157958608643,17.416884683581703,10.433223221619034,18.88796545289507,7.592204782743327
41.83333333333333,4.583333333333334,5.349614934833417,0.6247117490533877,17.254039250944796,10.53169929209625,19.229702239866118,7.885275578667923
41.83333333333333,4.791666666666667,5.190468348004489,0.5812286399460388,17.082132069587328,10.628364898748336,19.560728646240875,8.165483513576289
41.83333333333333,5.0,5.047634152117218,0.5423277759499188,16.903404410703267,10.722518016966635,19.882244559950795,8.43540322862001
43.875,0.0,43.87500096764448,1.0680899241978833e-06,-2.4867250992818605e-05,1.0054339451685104e-06,-1.714297253158138e-05,9.91491061536915e-07
43.875,0.20833333333333334,37.27005845462806,0.41916547575553714,4.058686545712068,0.6760620050680518,2.5462388928851407,0.07206716755906376
43.875,0.4166666666666667,31.820266279472822,1.1674185088385558,7.338659643464922,2.075789076543838,4.716066170513259,0.26742727026238156
43.875,0.625,27.317263691116782,1.8408218362622557,9.982062425036155,3.6300231079998837,6.575731217639056,0.5590283792923092
43.875,0.8333333333333334,23.595329547022114,2.300695096550473,12.10178128651096,5.069093003859427,8.17791455558563,0.9256458762438784
43.875,1.0416666666666667,20.518455739696197,2.547457034851198,13.790596184463412,6.301665387790141,9.56592318711903,1.3468234042320288
43.875,1.25,17.968742288389883,2.6290552663979496,15.12891215939502,7.321395975042964,10.777326306819203,1.8044674846159845
43.875,1.4583333333333335,15.849623214879719,2.5844926004212048,16.181971039055938,8.134640912035069,11.843456118395235,2.287085800510169
43.875,1.6666666666666667,14.087795240224596,2.4516863664555935,16.9993889461058,8.76406784342288,12.787916393717836,2.7849733319690397
43.875,1.875,12.62281311098014,2.275828670706258,17.62205789959883,9.254830560277544,13.630147968970945,3.2877133465217456
43.875,2.0833333333333335,11.401683977265867,2.0882098390957675,18.086099123072763,9.647456766313338,14.387169424747885,3.785645036770977
43.875,2.291666666666667,10.379471512506393,1.901856922527633,18.421705706523067,9.964665414651485,15.07375199949605,4.273851602517705
43.875,2.5,9.520610171196928,1.7209007803942213,18.652826823825055,10.217223603467337,15.701609960579225,4.751723873088809
43.875,2.7083333333333335,8.797744508661324,1.5507456265181492,18.797705264195937,10.420864462204927,16.27963081960336,5.217694718360322
43.875,2.916666666666667,8.188330571882146,1.3969456170157495,18.871311302895897,10.592420549796426,16.815288452551247,5.6683580442757195
43.875,3.125,7.672771491119835,1.2624758488974275,18.8873122321291,10.746482294705682,17.314994807137847,6.101576086229246
43.875,3.3333333333333335,7.233814303272991,1.1453610067994755,18.856742817397922,10.888321192404735,17.784422791892766,6.515684987433539
43.875,3.541666666666667,6.85788446766003,1.0426423776065532,18.78888573192083,11.020140089995305,18.22823425089848,6.913313914348129
43.875,3.75,6.534202296995253,0.9519409531598187,18.690776246562905,11.141549808152089,18.649993636005707,7.295051779482816
43.875,3.9583333333333335,6.254271330768886,0.8719167279198371,18.568062992284506,11.255542860769765,19.052626234636993,7.662955227001937
43.875,4.166666666666667,6.011086198022841,0.801897064025206,18.42548069965447,11.366193441515184,19.438525448047063,8.015128648850038
43.875,4.375,5.798374903774444,0.7408363578076296,18.26693107548012,11.476221433267735,19.809707851032552,8.351503824104501
43.875,4.583333333333334,5.610719627785525,0.6871983945296954,18.09612454154094,11.585115841545125,20.168175122540312,8.673911536157728
43.875,4.791666666666667,5.443777822167791,0.639316517304836,17.915809930200098,11.691337291184606,20.515420929267115,8.982301878678424
43.875,5.0,5.29400314619389,0.596659803217272,17.728337525208943,11.795178790163991,20.85262413098413,9.278291685018372
45.916666666666664,0.0,45.91671769109468,1.06012538541766e-06,7.374910696844577e-07,1.0028112100973482e-06,-3.1233414470237825e-05,9.476172653644331e-07
45.916666666666664,0.20833333333333334,39.00441969804274,0.4590040734241542,4.247591170805412,0.7404143755428167,2.664668489866635,0.07893186940022746
45.916666666666664,0.4166666666666667,33.30102177639685,1.2789036809652548,7.680112604353559,2.2737747005744016,4.935588692915464,0.29273137978542957
45.916666666666664,0.625,28.58812132839616,2.016153469799593,10.446689137110026,3.9755974921086525,6.881802390968061,0.6122701571296529
45.916666666666664,0.8333333333333334,24.69340873337689,2.518863773088274,12.66484583716309,5.551579884237653,8.558429762786261,1.0138950937231814
45.916666666666664,1.0416666666666667,21.473604812597603,2.790319835069826,14.432149898558503,6.902550366737735,10.010897100409943,1.4751518036443498
45.916666666666664,1.25,18.804806971154914,2.8805707780532437,15.832938896262501,8.019790501604023,11.278787913420508,1.9762253441330153
45.916666666666664,1.4583333333333335,16.58687262792606,2.830458434746531,16.93509160874255,8.908890257642677,12.394700196934156,2.5048268891033345
45.916666666666664,1.6666666666666667,14.743265855557084,2.684277448471692,17.790385298477325,9.597140407550878,13.383060649023639,3.050749677936523
45.916666666666664,1.875,13.210376740644463,2.4923274343211523,18.441930824488757,10.135622517195829,14.264372324968399,3.6008443301132713
45.916666666666664,2.0833333333333335,11.932502072596623,2.2875053195595245,18.927568709593235,10.567178916479266,15.056559551135207,4.145820033066658
45.916666666666664,2.291666666666667,10.86246754358924,2.0834898544370444,19.279069663817996,10.914461579745716,15.775181583886697,4.680637888975339
45.916666666666664,2.5,9.963427719978016,1.8846927492217902,19.52094441006745,11.190702882224484,16.432317237173972,5.2041540986285115
45.916666666666664,2.7083333333333335,9.206973258425148,1.6978342607893209,19.67244365024094,11.412004933479665,17.037236559383405,5.714860456378374
45.916666666666664,2.916666666666667,8.569499003810732,1.5300021959954295,19.749447961017445,11.599909875752633,17.59775684265084,6.208572408864372
45.916666666666664,3.125,8.029927543940907,1.3828976195241984,19.76602730578613,11.770161469383432,18.12065151660124,6.682223308075589
45.916666666666664,3.3333333333333335,7.570470511172957,1.2547581267019372,19.734154017416344,11.92567594703471,18.61196286126954,7.135563227650528
45.916666666666664,3.541666666666667,7.17694850722891,1.1421630920280252,19.66325657093146,12.069971383053856,19.076486310977522,7.571616010888993
45.916666666666664,3.75,6.8382025649406195,1.0423270313602757,19.560584294097037,12.202019299106277,19.517793448492732,7.990627905019033
45.916666666666664,3.9583333333333335,6.545318318854137,0.9546824645822988,19.43205175206941,12.326830875673393,19.939188929205518,8.39302663728483
45.916666666666664,4.166666666666667,6.2907785367544315,0.8782343136237395,19.282826529717113,12.448668355912831,20.34301459452624,8.778218020278185
45.916666666666664,4.375,6.068216629507921,0.8114026487772154,19.116884356203748,12.56940740468733,20.73156893178396,9.146873542810251
45.916666666666664,4.583333333333334,5.871823073182878,0.7526289526878863,18.9382224745239,12.687846317139538,21.10672162297235,9.499542345671093
45.916666666666664,4.791666666666667,5.697080755345432,0.7003290366579911,18.749532231297454,12.804395006690786,21.470004049249415,9.837537696432817
45.916666666666664,5.0,5.540352519704791,0.6534390056746517,18.55337046649721,12.91856420920099,21.8229919180206,10.16239895562306
47.95833333333333,0.0,47.958333204652924,1.0230391624219083e-06,-3.576789035249401e-06,9.932849416172386e-07,-3.4208389668261795e-06,9.720857088132927e-07
47.95833333333333,0.20833333333333334,40.73874821860284,0.5007996509496548,4.436437367758476,0.8077457536024937,2.783135144444254,0.08613386970846443
47.95833333333333,0.4166666666666667,34.78157243337137,1.3954833673356055,8.021692026694852,2.4805485192030763,5.154981701133919,0.31940536085147697
47.95833333333333,0.625,29.859122017140713,2.198948978541824,10.91135924470422,4.336404213916633,7.187822619562925,0.667943905447401
47.95833333333333,0.8333333333333334,25.791691090801663,2.7473318419598174,13.227771447736904,6.05522627744694,8.938918423518318,1.1061771757824554
47.95833333333333,1.0416666666666667,22.428832149327047,3.0446969772028925,15.073645445089165,7.530723038460072,10.455898374080565,1.6089291471625213
47.95833333333333,1.25,19.64093595734929,3.1434450796371967,16.53702292444621,8.749881751822262,11.780349688707524,2.155575902879667
47.95833333333333,1.4583333333333335,17.324004202187737,3.087232148241518,17.68848093064334,9.718146276690732,12.945898603182787,2.7325817901323295
47.95833333333333,1.6666666666666667,15.39873248434978,2.9273185163417303,18.581479664698985,10.468533489680675,13.978131522268502,3.328182247526869
47.95833333333333,1.875,13.798078699125652,2.718883706315032,19.261782458469135,11.057069855707839,14.898512331438788,3.9284344062265366
47.95833333333333,2.0833333333333335,12.463310718575864,2.4962774077071446,19.76897579072002,11.528662429087014,15.72603465609794,4.5224509204067385
47.95833333333333,2.291666666666667,11.345396920721898,2.2737008767447997,20.136375273057947,11.907419996966828,16.476634714377735,5.105941068673407
47.95833333333333,2.5,10.406195062141391,2.055677957422054,20.389079959789107,12.20712507998031,17.16304859700313,5.677060767250054
47.95833333333333,2.7083333333333335,9.616329995918003,1.851831301296776,20.547193338949867,12.448759683797503,17.794862214103325,6.2348206956897
47.95833333333333,2.916666666666667,8.950588769999857,1.668967608852863,20.62751860687958,12.65465904469062,18.3802152296434,6.772807821569919
47.95833333333333,3.125,8.387117939206757,1.5086984408727444,20.6449012115016,12.840101118616387,18.926315575142848,7.289412455279745
47.95833333333333,3.3333333333333335,7.907199241332541,1.368922652223151,20.61166105119094,13.010960260556026,19.43951959943593,7.784248321145689
47.95833333333333,3.541666666666667,7.4960157507715515,1.2460275281426958,20.537690533689926,13.167494937476235,19.924669741602553,8.259975872757364
47.95833333333333,3.75,7.142164006676461,1.1370893084389104,20.430450478397425,13.31095630933748,20.385767821404816,8.71674890487664
47.95833333333333,3.9583333333333335,6.836343892828749,1.041287495857533,20.29617423347158,13.447055259554334,20.825853268385423,9.15632111279092
47.95833333333333,4.166666666666667,6.570529908483956,0.9579769988099336,20.14026276326637,13.580352283146022,21.247572280678828,9.576376736692954
47.95833333333333,4.375,6.338042063885714,0.8853250101438069,19.966883706444968,13.711995170402632,21.653357223292563,9.978512679213736
47.95833333333333,4.583333333333334,6.13293952508882,0.8210361882547842,19.780186178296397,13.841976529925493,22.045170326414322,10.363671699821078
47.95833333333333,4.791666666666667,5.950440764543646,0.7640037893404688,19.583164020333847,13.968702248444927,22.424663286894894,10.731731811368867
47.95833333333333,5.0,5.7866787195415075,0.7127728213504949,19.378287384431378,14.09238501621917,22.79330762760374,11.085946838566226
50.0,0.0,50.000044608521016,1.02712773690539e-06,9.916818129984264e-06,9.61587164799631e-07,-7.434488183218658e-05,1.0430070793274741e-06
50.0,0.20833333333333334,42.47306750836754,0.5443026287435198,4.625348337233451,0.8780491958393598,2.901619958486252,0.09358839475695885
50.0,0.4166666666666667,36.262228970868165,1.5169374920739445,8.363253715414164,2.6965029541141248,5.374475209315985,0.34711702764208147
50.0,0.625,31.130074960315273,2.389790335580431,11.376024276161388,4.7131948604338865,7.493952969172897,0.726163829413644
50.0,0.8333333333333334,26.889861523543864,2.985979872500774,13.790785704152979,6.5812758080683045,9.319352825075866,1.2022921999295662
50.0,1.0416666666666667,23.384020089252452,3.310057071819093,15.715120666221488,8.186416042347462,10.90089297105933,1.748666763325134
50.0,1.25,20.476915616837875,3.417760481993689,17.24116524909542,9.512158650384475,12.281945352334178,2.342750861529702
50.0,1.4583333333333335,18.061190252719346,3.3552830384259242,18.441654303825764,10.562381793408134,13.497146416944263,2.970306844006318
50.0,1.6666666666666667,16.054176011307174,3.1811981644447114,19.372511476207734,11.377791760126962,14.573229468373057,3.617925226747021
50.0,1.875,14.385754129509175,2.9552424584852437,20.081558016481875,12.018818858500152,15.532687189958185,4.270079244551911
50.0,2.0833333333333335,12.994066042045393,2.714122928522723,20.610529152676886,12.532546057645463,16.395365953935535,4.915511938679433
50.0,2.291666666666667,11.828324944756467,2.4717029081032407,20.993702574904027,12.943549321909845,17.178130145360228,5.549598297694047
50.0,2.5,10.848993042957805,2.23415284561847,21.25728227019227,13.267921033816135,17.893767650955755,6.1713564147924105
50.0,2.7083333333333335,10.025584462779506,2.0121709019687746,21.422038893218478,13.530386054748769,18.552430494472713,6.7771739530077095
50.0,2.916666666666667,9.331717084869615,1.8136310605017112,21.505621413168775,13.754936873772216,19.162710725798988,7.3620730769380875
50.0,3.125,8.744252928090242,1.6402586187956485,21.52365697948207,13.957288149163611,19.732014879671585,7.923560796723981
50.0,3.3333333333333335,8.243859315594301,1.488295937249288,21.489085865009955,14.142531106630667,20.267036052215516,8.460649968330992
50.0,3.541666666666667,7.815104646691636,1.3543564716825427,21.411936645332425,14.31252988645817,20.77293933461706,8.977613519958984
50.0,3.75,7.446152962636333,1.2357217543639814,21.30031136492832,14.46809793149375,21.253657593284764,9.474846532550357
50.0,3.9583333333333335,7.127279380559381,1.1317938797117075,21.160229525857307,14.616144046120404,21.712471902731135,9.952545607282696
50.0,4.166666666666667,6.8503180100375625,1.0413103254965699,20.99757610809881,14.760568369522524,22.1522027493025,10.40988434881128
50.0,4.375,6.6079460203252545,0.9622675019962287,20.81692059991907,14.904000908251518,22.575179551154573,10.84621835583948
50.0,4.583333333333334,6.394045522661841,0.892428516370521,20.622348637562137,15.045693931747632,22.983613212204965,11.264174654892344
50.0,4.791666666666667,6.203803112981132,0.830405327326522,20.416913362783752,15.183948785402375,23.37933844569144,11.66489562258571
50.0,5.0,6.033022611648397,0.7747723504224043,20.203274868588373,15.31805112869614,23.763722485169186,12.050108588971973
