0 ,0.00000e+00, 0.00000e+00, 0.00000e+00, 0.00000e+00, 0.00000e+00, 0.00000e+00, 0.00000e+00, 0.00000e+00, 0.00000e+00, 0.00000e+00, 0.00000e+00, 0.00000e+00, 0.00000e+00, 0.00000e+00, 0.00000e+00, 0.00000e+00, 0.00000e+00, 0.00000e+00, 0.00000e+00, 0.00000e+00, 0.00000e+00
100 ,-9.67643e-02, -2.30632e-03, -1.95283e-02, -4.56346e-02, -9.88803e-02, -4.14097e-02, 1.11859e-02, -7.97626e-02, -9.38163e-02, 2.05305e-02, -8.71609e-02, -3.88150e-02, 3.73797e-02, -1.02705e-01, 2.16896e-02, -2.84587e-02, -3.65991e-02, -8.33083e-02, -1.32781e-02, -6.02714e-02, -3.67347e-02
200 ,-1.73065e-01, -7.11065e-02, -7.77326e-02, -1.20705e-01, -1.79804e-01, -1.02726e-01, -5.88263e-02, -1.51866e-01, -1.65959e-01, -5.15465e-02, -1.59485e-01, -1.10967e-01, -3.18511e-02, -1.76700e-01, -5.03813e-02, -1.00584e-01, -1.08729e-01, -1.54675e-01, -8.53922e-02, -1.32402e-01, -1.08850e-01
300 ,-2.38962e-01, -1.29457e-01, -1.35934e-01, -1.91104e-01, -2.48485e-01, -1.59368e-01, -1.26277e-01, -2.19309e-01, -2.32385e-01, -1.19553e-01, -2.25613e-01, -1.78456e-01, -9.59414e-02, -2.45646e-01, -1.17759e-01, -1.68025e-01, -1.76162e-01, -2.21497e-01, -1.52782e-01, -1.99898e-01, -1.76249e-01
400 ,-2.71609e-01, -1.41062e-01, -1.50743e-01, -2.18727e-01, -2.86487e-01, -1.67828e-01, -1.51237e-01, -2.43221e-01, -2.52825e-01, -1.46152e-01, -2.45357e-01, -2.02452e-01, -1.18291e-01, -2.70470e-01, -1.41708e-01, -1.92018e-01, -2.00165e-01, -2.44378e-01, -1.76623e-01, -2.24110e-01, -2.00083e-01
500 ,-2.77005e-01, -1.78729e-01, -1.63434e-01, -1.86569e-01, -2.97498e-01, -2.02632e-01, -1.18226e-01, -2.43057e-01, -2.78921e-01, -1.00842e-01, -2.75219e-01, -2.02454e-01, -1.14991e-01, -2.75988e-01, -1.41162e-01, -1.92022e-01, -2.00168e-01, -2.43629e-01, -1.75795e-01, -2.24732e-01, -1.99170e-01
600 ,-3.03623e-01, -2.36644e-01, -2.16617e-01, -1.56826e-01, -3.24451e-01, -2.57977e-01, 1.08203e-02, -2.45110e-01, -3.26661e-01, 1.60622e-02, -3.26810e-01, -2.02182e-01, -1.05343e-01, -2.94228e-01, -1.36376e-01, -1.94700e-01, -1.96395e-01, -2.46624e-01, -1.71746e-01, -2.26136e-01, -1.95217e-01
700 ,-3.45865e-01, -2.82852e-01, -2.52785e-01, -2.10443e-01, -3.64669e-01, -3.07345e-01, 1.07306e-01, -2.43718e-01, -3.73405e-01, 1.04763e-01, -3.79022e-01, -2.02789e-01, -1.04966e-01, -3.24047e-01, -1.39414e-01, -1.93844e-01, -1.92459e-01, -2.45670e-01, -1.68639e-01, -2.25675e-01, -1.92154e-01
800 ,-3.46080e-01, -2.31385e-01, -3.04545e-01, -2.12176e-01, -3.71967e-01, -2.54139e-01, 8.62526e-02, -2.42038e-01, -3.47330e-01, 7.02074e-02, -3.51511e-01, -2.03153e-01, -8.41730e-02, -3.65793e-01, -1.36728e-01, -1.94294e-01, -1.92667e-01, -2.41088e-01, -1.65510e-01, -2.27856e-01, -1.89369e-01
900 ,-3.46717e-01, -1.76413e-01, -3.43389e-01, -2.28157e-01, -3.83795e-01, -1.94377e-01, 7.33882e-02, -2.39160e-01, -3.26364e-01, 4.48733e-02, -3.29442e-01, -2.03160e-01, -5.66274e-02, -4.06138e-01, -1.32752e-01, -1.94292e-01, -1.92689e-01, -2.33146e-01, -1.60952e-01, -2.30715e-01, -1.84938e-01
1000 ,-3.50074e-01, -1.49114e-01, -3.70270e-01, -2.53369e-01, -4.00204e-01, -1.58504e-01, 8.31942e-02, -2.36121e-01, -3.23961e-01, 4.64794e-02, -3.27138e-01, -2.03204e-01, -3.09029e-02, -4.45977e-01, -1.28759e-01, -1.94289e-01, -1.92797e-01, -2.25044e-01, -1.55879e-01, -2.33526e-01, -1.80207e-01
1100 ,-3.54499e-01, -1.35173e-01, -3.90274e-01, -2.74138e-01, -4.17664e-01, -1.34438e-01, 9.98107e-02, -2.33188e-01, -3.27027e-01, 5.92279e-02, -3.30254e-01, -2.03200e-01, -9.78808e-03, -4.82657e-01, -1.25175e-01, -1.94295e-01, -1.92810e-01, -2.18077e-01, -1.50532e-01, -2.35834e-01, -1.75555e-01
1200 ,-3.59362e-01, -1.23827e-01, -4.07381e-01, -2.89982e-01, -4.35709e-01, -1.12209e-01, 1.18476e-01, -2.30154e-01, -3.30256e-01, 7.68950e-02, -3.33278e-01, -2.03293e-01, 8.19357e-03, -5.17597e-01, -1.21891e-01, -1.94243e-01, -1.92992e-01, -2.11926e-01, -1.44900e-01, -2.37788e-01, -1.70926e-01
1300 ,-3.64121e-01, -1.12293e-01, -4.22793e-01, -3.00744e-01, -4.53560e-01, -9.02276e-02, 1.36729e-01, -2.27036e-01, -3.32392e-01, 9.62559e-02, -3.35087e-01, -2.03364e-01, 2.33442e-02, -5.50168e-01, -1.19040e-01, -1.94187e-01, -1.93146e-01, -2.06672e-01, -1.39231e-01, -2.39278e-01, -1.66755e-01
1400 ,-3.68468e-01, -1.00574e-01, -4.37373e-01, -3.07313e-01, -4.70819e-01, -6.88659e-02, 1.53169e-01, -2.23868e-01, -3.33634e-01, 1.14982e-01, -3.36008e-01, -2.03377e-01, 3.59577e-02, -5.79964e-01, -1.16804e-01, -1.94175e-01, -1.93168e-01, -2.02388e-01, -1.33828e-01, -2.40361e-01, -1.63320e-01
1500 ,-3.72601e-01, -8.98765e-02, -4.52142e-01, -3.09549e-01, -4.87659e-01, -4.90496e-02, 1.68636e-01, -2.20558e-01, -3.34746e-01, 1.33721e-01, -3.36682e-01, -2.03490e-01, 4.68750e-02, -6.07836e-01, -1.15085e-01, -1.94095e-01, -1.93349e-01, -1.99050e-01, -1.28553e-01, -2.41140e-01, -1.60625e-01
1600 ,-3.76374e-01, -8.30707e-02, -4.68118e-01, -3.07231e-01, -5.03955e-01, -3.37489e-02, 1.82176e-01, -2.17224e-01, -3.36582e-01, 1.50346e-01, -3.37486e-01, -2.03431e-01, 5.65986e-02, -6.33795e-01, -1.13863e-01, -1.94086e-01, -1.93251e-01, -1.96643e-01, -1.23501e-01, -2.41690e-01, -1.58702e-01
1700 ,-3.79944e-01, -7.93387e-02, -4.86159e-01, -3.00833e-01, -5.19817e-01, -2.20028e-02, 1.93287e-01, -2.13703e-01, -3.38970e-01, 1.63256e-01, -3.38213e-01, -2.03406e-01, 6.59897e-02, -6.58197e-01, -1.12993e-01, -1.94021e-01, -1.93208e-01, -1.94913e-01, -1.18532e-01, -2.42063e-01, -1.57379e-01
1800 ,-3.83487e-01, -7.97795e-02, -5.06635e-01, -2.91369e-01, -5.35421e-01, -1.36317e-02, 2.01688e-01, -2.10085e-01, -3.41974e-01, 1.71720e-01, -3.38825e-01, -2.03387e-01, 7.52572e-02, -6.81346e-01, -1.12436e-01, -1.94103e-01, -1.93193e-01, -1.93754e-01, -1.14019e-01, -2.42301e-01, -1.56524e-01
1900 ,-3.87625e-01, -8.31246e-02, -5.28403e-01, -2.82601e-01, -5.51181e-01, -8.58161e-03, 2.09185e-01, -2.06325e-01, -3.45803e-01, 1.78440e-01, -3.39303e-01, -2.03256e-01, 8.53658e-02, -7.03213e-01, -1.12085e-01, -1.94127e-01, -1.93007e-01, -1.92979e-01, -1.09243e-01, -2.42471e-01, -1.56000e-01
2000 ,-3.92363e-01, -8.71821e-02, -5.51637e-01, -2.74582e-01, -5.66966e-01, -4.22784e-03, 2.15494e-01, -2.02354e-01, -3.49919e-01, 1.82920e-01, -3.39589e-01, -2.03286e-01, 9.64312e-02, -7.24185e-01, -1.11873e-01, -1.94161e-01, -1.93053e-01, -1.92502e-01, -1.04401e-01, -2.42577e-01, -1.55696e-01
2100 ,-3.97909e-01, -9.04088e-02, -5.73777e-01, -2.68557e-01, -5.82303e-01, -1.09166e-03, 2.21938e-01, -1.98409e-01, -3.54122e-01, 1.87781e-01, -3.39704e-01, -2.03387e-01, 1.07886e-01, -7.42782e-01, -1.11788e-01, -1.94118e-01, -1.93180e-01, -1.92301e-01, -9.93862e-02, -2.42626e-01, -1.55575e-01
2200 ,-4.04011e-01, -9.22140e-02, -5.96807e-01, -2.62478e-01, -5.97601e-01, -2.64065e-05, 2.27440e-01, -1.94436e-01, -3.57968e-01, 1.91096e-01, -3.39718e-01, -2.03244e-01, 1.20071e-01, -7.60413e-01, -1.11776e-01, -1.94131e-01, -1.93001e-01, -1.92273e-01, -9.42276e-02, -2.42632e-01, -1.55559e-01
2300 ,-4.10794e-01, -9.37803e-02, -6.19771e-01, -2.57487e-01, -6.13036e-01, -4.67003e-05, 2.32914e-01, -1.90252e-01, -3.61410e-01, 1.94386e-01, -3.39719e-01, -2.03250e-01, 1.32540e-01, -7.76930e-01, -1.11775e-01, -1.94120e-01, -1.93005e-01, -1.92270e-01, -8.92865e-02, -2.42633e-01, -1.55557e-01
2400 ,-4.18321e-01, -9.33896e-02, -6.42787e-01, -2.52816e-01, -6.28592e-01, -3.44867e-05, 2.38843e-01, -1.85947e-01, -3.64271e-01, 1.98296e-01, -3.39719e-01, -2.03235e-01, 1.45562e-01, -7.92898e-01, -1.11774e-01, -1.94159e-01, -1.92993e-01, -1.92267e-01, -8.41572e-02, -2.42634e-01, -1.55556e-01
2500 ,-4.26193e-01, -9.32628e-02, -6.65654e-01, -2.48936e-01, -6.44130e-01, -7.16716e-05, 2.44541e-01, -1.81542e-01, -3.66694e-01, 2.01897e-01, -3.39721e-01, -2.03138e-01, 1.58822e-01, -8.07807e-01, -1.11771e-01, -1.94193e-01, -1.92884e-01, -1.92260e-01, -7.91358e-02, -2.42636e-01, -1.55553e-01
2600 ,-4.34439e-01, -9.40150e-02, -6.88261e-01, -2.45279e-01, -6.59737e-01, 8.94726e-05, 2.50545e-01, -1.76964e-01, -3.69001e-01, 2.05908e-01, -3.39721e-01, -2.03064e-01, 1.72462e-01, -8.22051e-01, -1.11770e-01, -1.94175e-01, -1.92797e-01, -1.92257e-01, -7.40274e-02, -2.42636e-01, -1.55551e-01
2700 ,-4.42863e-01, -9.34818e-02, -7.11187e-01, -2.40729e-01, -6.75142e-01, 7.96783e-05, 2.56123e-01, -1.72227e-01, -3.70782e-01, 2.09322e-01, -3.39722e-01, -2.03041e-01, 1.86587e-01, -8.35888e-01, -1.11768e-01, -1.94158e-01, -1.92759e-01, -1.92252e-01, -6.87072e-02, -2.42638e-01, -1.55549e-01
2800 ,-4.51522e-01, -9.52494e-02, -7.33364e-01, -2.37910e-01, -6.90636e-01, -5.26514e-06, 2.61852e-01, -1.67408e-01, -3.72369e-01, 2.13108e-01, -3.39722e-01, -2.02987e-01, 2.00646e-01, -8.48707e-01, -1.11767e-01, -1.94241e-01, -1.92712e-01, -1.92249e-01, -6.37318e-02, -2.42638e-01, -1.55548e-01
2900 ,-4.60164e-01, -9.59947e-02, -7.55757e-01, -2.34707e-01, -7.05845e-01, -4.70096e-05, 2.66746e-01, -1.62393e-01, -3.73210e-01, 2.15849e-01, -3.39722e-01, -2.03006e-01, 2.14999e-01, -8.60917e-01, -1.11766e-01, -1.94309e-01, -1.92760e-01, -1.92246e-01, -5.87716e-02, -2.42639e-01, -1.55546e-01
3000 ,-4.69098e-01, -9.63603e-02, -7.77705e-01, -2.32027e-01, -7.21045e-01, -3.62177e-05, 2.72022e-01, -1.57197e-01, -3.73972e-01, 2.19084e-01, -3.39722e-01, -2.03026e-01, 2.29993e-01, -8.72708e-01, -1.11765e-01, -1.94304e-01, -1.92784e-01, -1.92243e-01, -5.34693e-02, -2.42640e-01, -1.55545e-01
3100 ,-4.77585e-01, -9.72427e-02, -7.98538e-01, -2.29091e-01, -7.35358e-01, 2.71417e-05, 2.76814e-01, -1.52108e-01, -3.74311e-01, 2.21914e-01, -3.39722e-01, -2.03031e-01, 2.44453e-01, -8.83551e-01, -1.11763e-01, -1.94310e-01, -1.92788e-01, -1.92237e-01, -4.83680e-02, -2.42641e-01, -1.55543e-01
3200 ,-4.86142e-01, -9.87634e-02, -8.19022e-01, -2.27084e-01, -7.49639e-01, 5.44639e-06, 2.81536e-01, -1.46869e-01, -3.74483e-01, 2.24742e-01, -3.39722e-01, -2.02970e-01, 2.59219e-01, -8.93853e-01, -1.11762e-01, -1.94344e-01, -1.92733e-01, -1.92233e-01, -4.31900e-02, -2.42642e-01, -1.55541e-01
3300 ,-4.94571e-01, -9.99224e-02, -8.39824e-01, -2.23835e-01, -7.63663e-01, 3.78889e-05, 2.85667e-01, -1.41423e-01, -3.74399e-01, 2.26768e-01, -3.39722e-01, -2.02925e-01, 2.74437e-01, -9.03935e-01, -1.11761e-01, -1.94338e-01, -1.92676e-01, -1.92230e-01, -3.77490e-02, -2.42643e-01, -1.55540e-01
3400 ,-5.03198e-01, -1.00977e-01, -8.60116e-01, -2.21417e-01, -7.77706e-01, -1.64405e-05, 2.90552e-01, -1.35694e-01, -3.74008e-01, 2.29724e-01, -3.39722e-01, -2.03030e-01, 2.90328e-01, -9.14036e-01, -1.11760e-01, -1.94271e-01, -1.92761e-01, -1.92226e-01, -3.18244e-02, -2.42644e-01, -1.55538e-01
3500 ,-5.11653e-01, -1.02817e-01, -8.80416e-01, -2.18797e-01, -7.91584e-01, -2.85439e-05, 2.93033e-01, -1.30387e-01, -3.72312e-01, 2.30311e-01, -3.39722e-01, -2.02107e-01, 3.04430e-01, -9.21967e-01, -1.11759e-01, -1.94697e-01, -1.91966e-01, -1.92221e-01, -2.78441e-02, -2.42645e-01, -1.55537e-01
3600 ,-5.20899e-01, -1.06606e-01, -8.98837e-01, -2.19094e-01, -8.06037e-01, 8.97911e-05, 2.92031e-01, -1.26523e-01, -3.68310e-01, 2.28498e-01, -3.39721e-01, -1.98456e-01, 3.13541e-01, -9.24304e-01, -1.11760e-01, -1.96324e-01, -1.88739e-01, -1.92217e-01, -2.91789e-02, -2.42645e-01, -1.55538e-01
3700 ,-5.30502e-01, -1.10530e-01, -9.16470e-01, -2.19125e-01, -8.20709e-01, 2.58326e-05, 2.90623e-01, -1.22712e-01, -3.63811e-01, 2.26839e-01, -3.39720e-01, -1.94297e-01, 3.21672e-01, -9.25084e-01, -1.11761e-01, -1.98190e-01, -1.85085e-01, -1.92214e-01, -3.17666e-02, -2.42645e-01, -1.55538e-01
3800 ,-5.40218e-01, -1.13855e-01, -9.33693e-01, -2.19012e-01, -8.35448e-01, 2.70175e-05, 2.90176e-01, -1.18343e-01, -3.59905e-01, 2.26401e-01, -3.39720e-01, -1.90535e-01, 3.30606e-01, -9.26100e-01, -1.11761e-01, -1.99886e-01, -1.81798e-01, -1.92211e-01, -3.37655e-02, -2.42645e-01, -1.55538e-01
3900 ,-5.49618e-01, -1.18033e-01, -9.50990e-01, -2.17413e-01, -8.50079e-01, -7.20377e-05, 2.89025e-01, -1.13888e-01, -3.56030e-01, 2.25435e-01, -3.39720e-01, -1.86406e-01, 3.39313e-01, -9.26387e-01, -1.11761e-01, -2.01775e-01, -1.78209e-01, -1.92207e-01, -3.62364e-02, -2.42645e-01, -1.55538e-01
4000 ,-5.58742e-01, -1.21171e-01, -9.68248e-01, -2.16322e-01, -8.64548e-01, 9.27740e-06, 2.88065e-01, -1.08976e-01, -3.52592e-01, 2.24530e-01, -3.39720e-01, -1.82469e-01, 3.48849e-01, -9.26711e-01, -1.11761e-01, -2.03583e-01, -1.74801e-01, -1.92204e-01, -3.82994e-02, -2.42645e-01, -1.55538e-01
4100 ,-5.67062e-01, -1.25600e-01, -9.84488e-01, -2.15394e-01, -8.78290e-01, -6.60304e-05, 2.87385e-01, -1.03992e-01, -3.51038e-01, 2.23909e-01, -3.39720e-01, -1.78701e-01, 3.58280e-01, -9.26983e-01, -1.11762e-01, -2.05432e-01, -1.71608e-01, -1.92200e-01, -4.00035e-02, -2.42646e-01, -1.55538e-01
4200 ,-5.74891e-01, -1.28874e-01, -1.00098e+00, -2.13975e-01, -8.91839e-01, -1.05219e-04, 2.86271e-01, -9.84501e-02, -3.49805e-01, 2.22806e-01, -3.39721e-01, -1.75153e-01, 3.67980e-01, -9.27260e-01, -1.11763e-01, -2.07016e-01, -1.68526e-01, -1.92191e-01, -4.15865e-02, -2.42647e-01, -1.55538e-01
4300 ,-5.81810e-01, -1.34186e-01, -1.01782e+00, -2.11762e-01, -9.05191e-01, 1.27248e-04, 2.84579e-01, -9.24945e-02, -3.50105e-01, 2.20874e-01, -3.39721e-01, -1.71615e-01, 3.77843e-01, -9.27569e-01, -1.11764e-01, -2.08691e-01, -1.65515e-01, -1.92179e-01, -4.29854e-02, -2.42649e-01, -1.55538e-01
4400 ,-5.88065e-01, -1.38722e-01, -1.03473e+00, -2.10259e-01, -9.18402e-01, -3.60063e-05, 2.82688e-01, -8.59892e-02, -3.51825e-01, 2.18500e-01, -3.39722e-01, -1.68227e-01, 3.88130e-01, -9.28040e-01, -1.11765e-01, -2.10277e-01, -1.62637e-01, -1.92169e-01, -4.40682e-02, -2.42651e-01, -1.55538e-01
4500 ,-5.93301e-01, -1.44061e-01, -1.05185e+00, -2.07775e-01, -9.31447e-01, -4.20218e-04, 2.80147e-01, -7.90927e-02, -3.56078e-01, 2.15290e-01, -3.39725e-01, -1.64729e-01, 3.98539e-01, -9.28526e-01, -1.11767e-01, -2.12067e-01, -1.59768e-01, -1.92149e-01, -4.48036e-02, -2.42655e-01, -1.55538e-01
4600 ,-5.97568e-01, -1.47313e-01, -1.06929e+00, -2.04969e-01, -9.44217e-01, 3.76113e-04, 2.76657e-01, -7.15171e-02, -3.61674e-01, 2.10882e-01, -3.39735e-01, -1.61455e-01, 4.08901e-01, -9.29157e-01, -1.11772e-01, -2.13717e-01, -1.57079e-01, -1.92104e-01, -4.51783e-02, -2.42666e-01, -1.55538e-01
4700 ,-6.00555e-01, -1.52843e-01, -1.08677e+00, -2.02879e-01, -9.56924e-01, -1.70201e-03, 2.72677e-01, -6.32667e-02, -3.69614e-01, 2.05828e-01, -3.39766e-01, -1.58298e-01, 4.19194e-01, -9.29969e-01, -1.11787e-01, -2.15280e-01, -1.54489e-01, -1.91990e-01, -4.53881e-02, -2.42691e-01, -1.55540e-01
4800 ,-6.02601e-01, -1.55529e-01, -1.10434e+00, -2.00327e-01, -9.69361e-01, -1.27620e-03, 2.67882e-01, -5.44049e-02, -3.78652e-01, 1.99740e-01, -3.39811e-01, -1.55247e-01, 4.29451e-01, -9.30865e-01, -1.11811e-01, -2.16862e-01, -1.52007e-01, -1.91814e-01, -4.52476e-02, -2.42735e-01, -1.55543e-01
4900 ,-6.03526e-01, -1.59091e-01, -1.12188e+00, -1.98270e-01, -9.81717e-01, -3.35987e-03, 2.62494e-01, -4.50436e-02, -3.89580e-01, 1.93096e-01, -3.39935e-01, -1.52126e-01, 4.39331e-01, -9.31881e-01, -1.11868e-01, -2.18605e-01, -1.49558e-01, -1.91447e-01, -4.50839e-02, -2.42825e-01, -1.55550e-01
5000 ,-6.04039e-01, -1.59771e-01, -1.13900e+00, -1.97113e-01, -9.93967e-01, -4.88062e-03, 2.57001e-01, -3.50237e-02, -4.01117e-01, 1.86339e-01, -3.40134e-01, -1.49153e-01, 4.49067e-01, -9.32987e-01, -1.11965e-01, -2.20338e-01, -1.47257e-01, -1.90856e-01, -4.46557e-02, -2.42979e-01, -1.55566e-01
5100 ,-6.04230e-01, -1.61170e-01, -1.15459e+00, -1.96131e-01, -1.00580e+00, -7.11864e-03, 2.51923e-01, -2.48499e-02, -4.12823e-01, 1.80515e-01, -3.40445e-01, -1.46474e-01, 4.57523e-01, -9.33922e-01, -1.12122e-01, -2.21860e-01, -1.45171e-01, -1.89985e-01, -4.43915e-02, -2.43196e-01, -1.55589e-01
5200 ,-6.04366e-01, -1.61693e-01, -1.16965e+00, -1.95879e-01, -1.01766e+00, -8.57814e-03, 2.47374e-01, -1.42035e-02, -4.24424e-01, 1.75270e-01, -3.40828e-01, -1.43782e-01, 4.65858e-01, -9.34832e-01, -1.12313e-01, -2.23447e-01, -1.43125e-01, -1.88866e-01, -4.41828e-02, -2.43472e-01, -1.55616e-01
5300 ,-6.04769e-01, -1.60933e-01, -1.18438e+00, -1.95201e-01, -1.02952e+00, -9.33430e-03, 2.42802e-01, -3.00559e-03, -4.35874e-01, 1.70442e-01, -3.41279e-01, -1.41158e-01, 4.73356e-01, -9.35609e-01, -1.12577e-01, -2.24948e-01, -1.41088e-01, -1.87501e-01, -4.43985e-02, -2.43801e-01, -1.55660e-01
5400 ,-6.05478e-01, -1.60161e-01, -1.19846e+00, -1.94340e-01, -1.04147e+00, -9.02663e-03, 2.38779e-01, 8.49841e-03, -4.46846e-01, 1.66680e-01, -3.41728e-01, -1.38376e-01, 4.80247e-01, -9.36207e-01, -1.12883e-01, -2.26670e-01, -1.39027e-01, -1.86074e-01, -4.48754e-02, -2.44135e-01, -1.55719e-01
5500 ,-6.06369e-01, -1.60355e-01, -1.21218e+00, -1.93916e-01, -1.05335e+00, -9.07991e-03, 2.35240e-01, 2.03907e-02, -4.57527e-01, 1.63592e-01, -3.42189e-01, -1.35538e-01, 4.87286e-01, -9.36730e-01, -1.13169e-01, -2.28493e-01, -1.36988e-01, -1.84535e-01, -4.54976e-02, -2.44495e-01, -1.55754e-01
5600 ,-6.08010e-01, -1.59413e-01, -1.22517e+00, -1.93933e-01, -1.06539e+00, -9.52153e-03, 2.32522e-01, 3.27471e-02, -4.67541e-01, 1.62086e-01, -3.42634e-01, -1.32765e-01, 4.93441e-01, -9.37063e-01, -1.13454e-01, -2.30209e-01, -1.34964e-01, -1.82996e-01, -4.65013e-02, -2.44844e-01, -1.55764e-01
5700 ,-6.09566e-01, -1.58753e-01, -1.23821e+00, -1.93404e-01, -1.07717e+00, -7.49226e-03, 2.29837e-01, 4.52604e-02, -4.76960e-01, 1.60763e-01, -3.43029e-01, -1.29687e-01, 4.99453e-01, -9.37326e-01, -1.13771e-01, -2.32287e-01, -1.32829e-01, -1.81553e-01, -4.79511e-02, -2.45163e-01, -1.55815e-01
5800 ,-6.11671e-01, -1.57356e-01, -1.25094e+00, -1.93164e-01, -1.08885e+00, -6.14654e-03, 2.27885e-01, 5.78794e-02, -4.85924e-01, 1.60390e-01, -3.43354e-01, -1.26263e-01, 5.05624e-01, -9.37480e-01, -1.14013e-01, -2.34739e-01, -1.30571e-01, -1.80325e-01, -4.97933e-02, -2.45445e-01, -1.55840e-01
5900 ,-6.13180e-01, -1.58166e-01, -1.26408e+00, -1.90635e-01, -1.10010e+00, -3.32467e-03, 2.24625e-01, 7.11639e-02, -4.94283e-01, 1.59274e-01, -3.43602e-01, -1.23090e-01, 5.10610e-01, -9.37425e-01, -1.14223e-01, -2.36795e-01, -1.28366e-01, -1.79362e-01, -5.22471e-02, -2.45642e-01, -1.55866e-01
6000 ,-6.15763e-01, -1.56786e-01, -1.27639e+00, -1.90350e-01, -1.11145e+00, -2.53527e-03, 2.23173e-01, 8.45491e-02, -5.02708e-01, 1.60216e-01, -3.43748e-01, -1.19574e-01, 5.15574e-01, -9.37372e-01, -1.14345e-01, -2.39157e-01, -1.25976e-01, -1.78756e-01, -5.47641e-02, -2.45774e-01, -1.55871e-01
6100 ,-6.17823e-01, -1.57314e-01, -1.28840e+00, -1.90199e-01, -1.12182e+00, 2.69977e-04, 2.21470e-01, 9.75981e-02, -5.08792e-01, 1.60906e-01, -3.43819e-01, -1.16132e-01, 5.19758e-01, -9.37339e-01, -1.14410e-01, -2.41470e-01, -1.23650e-01, -1.78423e-01, -5.77158e-02, -2.45837e-01, -1.55871e-01
6200 ,-6.20603e-01, -1.55341e-01, -1.30009e+00, -1.89840e-01, -1.13204e+00, 5.07453e-04, 2.20378e-01, 1.10847e-01, -5.15514e-01, 1.62461e-01, -3.43827e-01, -1.12411e-01, 5.24164e-01, -9.37169e-01, -1.14423e-01, -2.44010e-01, -1.21192e-01, -1.78356e-01, -6.07270e-02, -2.45852e-01, -1.55871e-01
6300 ,-6.22823e-01, -1.54313e-01, -1.31233e+00, -1.89521e-01, -1.14170e+00, 8.81216e-04, 2.18578e-01, 1.24309e-01, -5.20969e-01, 1.63230e-01, -3.43842e-01, -1.08421e-01, 5.28715e-01, -9.37078e-01, -1.14439e-01, -2.46921e-01, -1.18721e-01, -1.78269e-01, -6.42354e-02, -2.45870e-01, -1.55871e-01
6400 ,-6.25001e-01, -1.53542e-01, -1.32454e+00, -1.89513e-01, -1.15104e+00, 2.31150e-04, 2.16982e-01, 1.38041e-01, -5.26128e-01, 1.64337e-01, -3.43852e-01, -1.04160e-01, 5.33156e-01, -9.36967e-01, -1.14457e-01, -2.50049e-01, -1.16088e-01, -1.78183e-01, -6.80745e-02, -2.45886e-01, -1.55872e-01
6500 ,-6.27512e-01, -1.53778e-01, -1.33633e+00, -1.89861e-01, -1.16032e+00, -8.48634e-04, 2.16079e-01, 1.52462e-01, -5.30682e-01, 1.66662e-01, -3.43869e-01, -1.00125e-01, 5.37159e-01, -9.36708e-01, -1.14477e-01, -2.52759e-01, -1.13437e-01, -1.78082e-01, -7.23961e-02, -2.45906e-01, -1.55872e-01
6600 ,-6.29706e-01, -1.53216e-01, -1.34866e+00, -1.88490e-01, -1.16888e+00, 2.98788e-04, 2.13927e-01, 1.67011e-01, -5.33911e-01, 1.67876e-01, -3.43884e-01, -9.56697e-02, 5.40840e-01, -9.36357e-01, -1.14498e-01, -2.55963e-01, -1.10716e-01, -1.77978e-01, -7.71402e-02, -2.45924e-01, -1.55872e-01
6700 ,-6.31914e-01, -1.52245e-01, -1.36096e+00, -1.88178e-01, -1.17700e+00, -4.92502e-05, 2.11934e-01, 1.81897e-01, -5.37524e-01, 1.69168e-01, -3.43898e-01, -9.10215e-02, 5.44831e-01, -9.36116e-01, -1.14523e-01, -2.59276e-01, -1.07823e-01, -1.77858e-01, -8.18677e-02, -2.45946e-01, -1.55872e-01
6800 ,-6.35124e-01, -1.51067e-01, -1.37252e+00, -1.88054e-01, -1.18522e+00, 5.14229e-05, 2.10741e-01, 1.97110e-01, -5.40820e-01, 1.72250e-01, -3.43905e-01, -8.61145e-02, 5.48146e-01, -9.35625e-01, -1.14543e-01, -2.62743e-01, -1.04764e-01, -1.77769e-01, -8.69698e-02, -2.45962e-01, -1.55872e-01
6900 ,-6.37273e-01, -1.52331e-01, -1.38450e+00, -1.87911e-01, -1.19280e+00, -1.62410e-03, 2.09143e-01, 2.12962e-01, -5.44814e-01, 1.74643e-01, -3.43921e-01, -8.13894e-02, 5.51755e-01, -9.35164e-01, -1.14568e-01, -2.66009e-01, -1.01781e-01, -1.77652e-01, -9.26611e-02, -2.45982e-01, -1.55872e-01
7000 ,-6.40076e-01, -1.50568e-01, -1.39656e+00, -1.87803e-01, -1.19984e+00, -2.08172e-03, 2.07254e-01, 2.28550e-01, -5.46499e-01, 1.77028e-01, -3.43935e-01, -7.56207e-02, 5.55433e-01, -9.34692e-01, -1.14599e-01, -2.70273e-01, -9.84014e-02, -1.77502e-01, -9.85398e-02, -2.46008e-01, -1.55871e-01
7100 ,-6.42071e-01, -1.50782e-01, -1.40802e+00, -1.87298e-01, -1.20597e+00, 4.65417e-04, 2.05316e-01, 2.44083e-01, -5.49399e-01, 1.78934e-01, -3.43972e-01, -7.04700e-02, 5.59443e-01, -9.34210e-01, -1.14654e-01, -2.74038e-01, -9.53519e-02, -1.77226e-01, -1.04057e-01, -2.46060e-01, -1.55869e-01
7200 ,-6.44851e-01, -1.50903e-01, -1.41885e+00, -1.88078e-01, -1.21207e+00, -3.11079e-04, 2.04509e-01, 2.60003e-01, -5.52966e-01, 1.82174e-01, -3.43992e-01, -6.50739e-02, 5.64180e-01, -9.33683e-01, -1.14694e-01, -2.77862e-01, -9.20750e-02, -1.77056e-01, -1.09494e-01, -2.46089e-01, -1.55873e-01
7300 ,-6.47126e-01, -1.50823e-01, -1.43009e+00, -1.87103e-01, -1.21749e+00, -2.71406e-04, 2.02293e-01, 2.75814e-01, -5.55475e-01, 1.84594e-01, -3.44007e-01, -5.88888e-02, 5.67958e-01, -9.33008e-01, -1.14730e-01, -2.82626e-01, -8.86284e-02, -1.76901e-01, -1.15403e-01, -2.46114e-01, -1.55874e-01
7400 ,-6.49447e-01, -1.51082e-01, -1.44109e+00, -1.87187e-01, -1.22249e+00, 1.58115e-04, 2.01065e-01, 2.92843e-01, -5.58464e-01, 1.87340e-01, -3.44016e-01, -5.36077e-02, 5.72632e-01, -9.32356e-01, -1.14757e-01, -2.86248e-01, -8.53712e-02, -1.76774e-01, -1.21499e-01, -2.46137e-01, -1.55875e-01
7500 ,-6.52255e-01, -1.48826e-01, -1.45236e+00, -1.85315e-01, -1.22695e+00, 1.30571e-04, 1.98635e-01, 3.09865e-01, -5.60078e-01, 1.89593e-01, -3.44019e-01, -4.76052e-02, 5.77039e-01, -9.31500e-01, -1.14775e-01, -2.90547e-01, -8.18447e-02, -1.76690e-01, -1.27867e-01, -2.46151e-01, -1.55875e-01
7600 ,-6.55663e-01, -1.48348e-01, -1.46259e+00, -1.86489e-01, -1.23152e+00, -1.89416e-03, 1.97568e-01, 3.27071e-01, -5.63295e-01, 1.94055e-01, -3.44044e-01, -4.10482e-02, 5.80927e-01, -9.30644e-01, -1.14821e-01, -2.95262e-01, -7.80069e-02, -1.76491e-01, -1.34219e-01, -2.46184e-01, -1.55875e-01
7700 ,-6.57587e-01, -1.49227e-01, -1.47360e+00, -1.84878e-01, -1.23513e+00, 3.91971e-04, 1.95060e-01, 3.44638e-01, -5.65789e-01, 1.96808e-01, -3.44081e-01, -3.42753e-02, 5.85305e-01, -9.29640e-01, -1.14892e-01, -3.00195e-01, -7.41215e-02, -1.76180e-01, -1.41004e-01, -2.46237e-01, -1.55878e-01
7800 ,-6.60230e-01, -1.49929e-01, -1.48406e+00, -1.85992e-01, -1.23850e+00, 2.65886e-04, 1.93777e-01, 3.63162e-01, -5.68589e-01, 2.00574e-01, -3.44109e-01, -2.81282e-02, 5.90252e-01, -9.28749e-01, -1.14948e-01, -3.04431e-01, -7.03900e-02, -1.75936e-01, -1.47834e-01, -2.46279e-01, -1.55881e-01
7900 ,-6.63891e-01, -1.47857e-01, -1.49420e+00, -1.86038e-01, -1.24157e+00, 9.54591e-05, 1.91973e-01, 3.81951e-01, -5.69913e-01, 2.04992e-01, -3.44106e-01, -2.16150e-02, 5.94442e-01, -9.27551e-01, -1.14976e-01, -3.08806e-01, -6.63708e-02, -1.75824e-01, -1.54930e-01, -2.46298e-01, -1.55882e-01
8000 ,-6.66641e-01, -1.47307e-01, -1.50479e+00, -1.85832e-01, -1.24394e+00, 9.27188e-04, 1.89569e-01, 4.00697e-01, -5.72492e-01, 2.08473e-01, -3.44122e-01, -1.43462e-02, 5.99555e-01, -9.26398e-01, -1.15046e-01, -3.14112e-01, -6.22225e-02, -1.75482e-01, -1.62297e-01, -2.46366e-01, -1.55880e-01
8100 ,-6.69324e-01, -1.48752e-01, -1.51420e+00, -1.85993e-01, -1.24623e+00, -8.63181e-04, 1.87561e-01, 4.18758e-01, -5.75670e-01, 2.13007e-01, -3.44162e-01, -6.95431e-03, 6.03303e-01, -9.25017e-01, -1.15115e-01, -3.19389e-01, -5.80030e-02, -1.75196e-01, -1.70011e-01, -2.46416e-01, -1.55882e-01
8200 ,-6.72411e-01, -1.48530e-01, -1.52345e+00, -1.85969e-01, -1.24796e+00, 4.25674e-04, 1.85537e-01, 4.37647e-01, -5.77606e-01, 2.17884e-01, -3.44176e-01, -9.88964e-05, 6.07226e-01, -9.23459e-01, -1.15148e-01, -3.24289e-01, -5.40628e-02, -1.75055e-01, -1.77821e-01, -2.46440e-01, -1.55883e-01
8300 ,-6.74248e-01, -1.48593e-01, -1.53369e+00, -1.84393e-01, -1.24874e+00, -1.36045e-03, 1.82183e-01, 4.56905e-01, -5.80121e-01, 2.20766e-01, -3.44193e-01, 7.00216e-03, 6.12696e-01, -9.22017e-01, -1.15188e-01, -3.29114e-01, -4.97543e-02, -1.74856e-01, -1.85577e-01, -2.46478e-01, -1.55881e-01
8400 ,-6.76948e-01, -1.49293e-01, -1.54293e+00, -1.84149e-01, -1.24968e+00, -2.63299e-04, 1.79712e-01, 4.76419e-01, -5.82354e-01, 2.25494e-01, -3.44206e-01, 1.43600e-02, 6.17136e-01, -9.20256e-01, -1.15276e-01, -3.34169e-01, -4.53306e-02, -1.74504e-01, -1.94017e-01, -2.46535e-01, -1.55884e-01
8500 ,-6.80103e-01, -1.47742e-01, -1.55225e+00, -1.84595e-01, -1.25001e+00, 1.32642e-03, 1.77000e-01, 4.96137e-01, -5.83586e-01, 2.29985e-01, -3.44219e-01, 2.22234e-02, 6.22296e-01, -9.18535e-01, -1.15315e-01, -3.39754e-01, -4.08177e-02, -1.74340e-01, -2.02553e-01, -2.46564e-01, -1.55885e-01
8600 ,-6.82784e-01, -1.47896e-01, -1.56101e+00, -1.84290e-01, -1.25018e+00, 1.30986e-04, 1.74016e-01, 5.16814e-01, -5.86499e-01, 2.35237e-01, -3.44260e-01, 2.93019e-02, 6.26047e-01, -9.16448e-01, -1.15393e-01, -3.44424e-01, -3.63560e-02, -1.74032e-01, -2.11285e-01, -2.46615e-01, -1.55886e-01
8700 ,-6.85893e-01, -1.47549e-01, -1.56928e+00, -1.85990e-01, -1.25008e+00, 1.24203e-03, 1.72124e-01, 5.37152e-01, -5.87717e-01, 2.41508e-01, -3.44292e-01, 3.76341e-02, 6.31108e-01, -9.14258e-01, -1.15471e-01, -3.50321e-01, -3.15425e-02, -1.73709e-01, -2.20498e-01, -2.46669e-01, -1.55888e-01
8800 ,-6.87547e-01, -1.48451e-01, -1.57808e+00, -1.85412e-01, -1.24913e+00, 2.08830e-04, 1.68337e-01, 5.57606e-01, -5.89694e-01, 2.46360e-01, -3.44331e-01, 4.66225e-02, 6.36123e-01, -9.11953e-01, -1.15614e-01, -3.56992e-01, -2.66363e-02, -1.73151e-01, -2.29713e-01, -2.46768e-01, -1.55897e-01
8900 ,-6.89858e-01, -1.48054e-01, -1.58643e+00, -1.85238e-01, -1.24791e+00, -2.61159e-04, 1.65635e-01, 5.79027e-01, -5.92456e-01, 2.51669e-01, -3.44348e-01, 5.45567e-02, 6.42224e-01, -9.09456e-01, -1.15681e-01, -3.62488e-01, -2.19060e-02, -1.72869e-01, -2.39102e-01, -2.46819e-01, -1.55898e-01
9000 ,-6.92039e-01, -1.48367e-01, -1.59419e+00, -1.86426e-01, -1.24665e+00, -1.12690e-03, 1.63385e-01, 6.00011e-01, -5.97120e-01, 2.57761e-01, -3.44375e-01, 6.39567e-02, 6.48857e-01, -9.06903e-01, -1.15753e-01, -3.69389e-01, -1.67207e-02, -1.72567e-01, -2.48176e-01, -2.46880e-01, -1.55896e-01
9100 ,-6.94355e-01, -1.47149e-01, -1.60189e+00, -1.85883e-01, -1.24497e+00, 6.23825e-05, 1.58894e-01, 6.21112e-01, -5.99455e-01, 2.62944e-01, -3.44455e-01, 7.15832e-02, 6.53518e-01, -9.04137e-01, -1.15913e-01, -3.74729e-01, -1.23289e-02, -1.71933e-01, -2.57564e-01, -2.46991e-01, -1.55900e-01
9200 ,-6.97047e-01, -1.45937e-01, -1.60924e+00, -1.86572e-01, -1.24315e+00, 1.87833e-03, 1.55573e-01, 6.42796e-01, -6.01358e-01, 2.68614e-01, -3.44476e-01, 7.87091e-02, 6.59033e-01, -9.01206e-01, -1.16006e-01, -3.79384e-01, -7.77938e-03, -1.71577e-01, -2.67574e-01, -2.47051e-01, -1.55906e-01
9300 ,-6.99181e-01, -1.46521e-01, -1.61605e+00, -1.88463e-01, -1.24131e+00, 1.58860e-04, 1.51714e-01, 6.63910e-01, -6.02592e-01, 2.75120e-01, -3.44520e-01, 8.76037e-02, 6.63629e-01, -8.98035e-01, -1.16117e-01, -3.85953e-01, -2.88105e-03, -1.71136e-01, -2.77945e-01, -2.47125e-01, -1.55906e-01
9400 ,-6.99636e-01, -1.48143e-01, -1.62338e+00, -1.86946e-01, -1.23879e+00, 1.41356e-03, 1.47255e-01, 6.86339e-01, -6.06836e-01, 2.80202e-01, -3.44594e-01, 9.44976e-02, 6.69870e-01, -8.94561e-01, -1.16240e-01, -3.90387e-01, 1.56693e-03, -1.70599e-01, -2.88210e-01, -2.47223e-01, -1.55902e-01
9500 ,-7.02407e-01, -1.46397e-01, -1.62974e+00, -1.87931e-01, -1.23629e+00, 5.25948e-04, 1.43739e-01, 7.08948e-01, -6.08883e-01, 2.86792e-01, -3.44617e-01, 1.01470e-01, 6.75449e-01, -8.90847e-01, -1.16358e-01, -3.94874e-01, 6.09157e-03, -1.70125e-01, -2.98845e-01, -2.47303e-01, -1.55906e-01
9600 ,-7.03669e-01, -1.46170e-01, -1.63646e+00, -1.87981e-01, -1.23349e+00, 7.65991e-05, 1.39795e-01, 7.31169e-01, -6.12804e-01, 2.92502e-01, -3.44642e-01, 1.09635e-01, 6.82814e-01, -8.86973e-01, -1.16445e-01, -4.00487e-01, 1.10382e-02, -1.69761e-01, -3.09841e-01, -2.47374e-01, -1.55907e-01
9700 ,-7.05389e-01, -1.47144e-01, -1.64250e+00, -1.88604e-01, -1.23101e+00, -3.86619e-04, 1.35333e-01, 7.53826e-01, -6.17009e-01, 2.98886e-01, -3.44654e-01, 1.17566e-01, 6.89317e-01, -8.82698e-01, -1.16536e-01, -4.05979e-01, 1.58028e-02, -1.69415e-01, -3.21328e-01, -2.47437e-01, -1.55909e-01
9800 ,-7.06988e-01, -1.45974e-01, -1.64874e+00, -1.88026e-01, -1.22779e+00, 5.14112e-04, 1.29899e-01, 7.76385e-01, -6.19541e-01, 3.04670e-01, -3.44674e-01, 1.26071e-01, 6.95988e-01, -8.78181e-01, -1.16640e-01, -4.12116e-01, 2.05688e-02, -1.69059e-01, -3.32812e-01, -2.47492e-01, -1.55914e-01
9900 ,-7.08250e-01, -1.45322e-01, -1.65454e+00, -1.89753e-01, -1.22459e+00, -3.54853e-04, 1.25387e-01, 8.00175e-01, -6.22596e-01, 3.11397e-01, -3.44718e-01, 1.32018e-01, 7.01735e-01, -8.73301e-01, -1.16770e-01, -4.16112e-01, 2.44067e-02, -1.68573e-01, -3.45456e-01, -2.47579e-01, -1.55923e-01
10000 ,-7.10347e-01, -1.44281e-01, -1.65958e+00, -1.92157e-01, -1.22162e+00, -8.79323e-04, 1.21140e-01, 8.23283e-01, -6.26279e-01, 3.18667e-01, -3.44790e-01, 1.40024e-01, 7.09401e-01, -8.68285e-01, -1.16920e-01, -4.22596e-01, 2.82543e-02, -1.67979e-01, -3.57401e-01, -2.47688e-01, -1.55926e-01
10100 ,-7.11255e-01, -1.44447e-01, -1.66469e+00, -1.92138e-01, -1.21878e+00, 8.53102e-04, 1.13944e-01, 8.45082e-01, -6.27973e-01, 3.24854e-01, -3.44863e-01, 1.48718e-01, 7.13904e-01, -8.62481e-01, -1.17094e-01, -4.29439e-01, 3.26205e-02, -1.67322e-01, -3.70891e-01, -2.47811e-01, -1.55931e-01
10200 ,-7.11677e-01, -1.43773e-01, -1.66959e+00, -1.93745e-01, -1.21547e+00, 1.54826e-03, 1.10304e-01, 8.68690e-01, -6.32211e-01, 3.31196e-01, -3.44989e-01, 1.52587e-01, 7.22382e-01, -8.57077e-01, -1.17329e-01, -4.31656e-01, 3.55458e-02, -1.66304e-01, -3.82966e-01, -2.48017e-01, -1.55933e-01
10300 ,-7.11531e-01, -1.44587e-01, -1.67441e+00, -1.92537e-01, -1.21196e+00, -9.69595e-04, 1.05508e-01, 8.91483e-01, -6.36821e-01, 3.36361e-01, -3.45042e-01, 1.58779e-01, 7.30863e-01, -8.50977e-01, -1.17492e-01, -4.35925e-01, 3.95187e-02, -1.65699e-01, -3.95920e-01, -2.48121e-01, -1.55949e-01
10400 ,-7.13679e-01, -1.44124e-01, -1.67792e+00, -1.95854e-01, -1.20943e+00, -7.20930e-06, 9.94871e-02, 9.13953e-01, -6.38009e-01, 3.43389e-01, -3.45085e-01, 1.66455e-01, 7.36982e-01, -8.44630e-01, -1.17623e-01, -4.41540e-01, 4.39611e-02, -1.65214e-01, -4.09503e-01, -2.48203e-01, -1.55952e-01
10500 ,-7.14641e-01, -1.43435e-01, -1.68196e+00, -1.97155e-01, -1.20620e+00, -2.56553e-04, 9.28063e-02, 9.37213e-01, -6.40375e-01, 3.50095e-01, -3.45114e-01, 1.72455e-01, 7.43349e-01, -8.38097e-01, -1.17914e-01, -4.46057e-01, 4.72802e-02, -1.64326e-01, -4.22408e-01, -2.48315e-01, -1.55983e-01
10600 ,-7.14502e-01, -1.42979e-01, -1.68653e+00, -1.97308e-01, -1.20250e+00, -2.05209e-04, 8.98086e-02, 9.60809e-01, -6.46526e-01, 3.55979e-01, -3.45284e-01, 1.77010e-01, 7.55751e-01, -8.32113e-01, -1.18370e-01, -4.48853e-01, 5.06459e-02, -1.62802e-01, -4.34312e-01, -2.48562e-01, -1.56039e-01
10700 ,-7.14555e-01, -1.42924e-01, -1.69122e+00, -1.96670e-01, -1.19877e+00, -4.80388e-04, 8.62420e-02, 9.84349e-01, -6.51043e-01, 3.62022e-01, -3.45292e-01, 1.81453e-01, 7.67276e-01, -8.26978e-01, -1.18650e-01, -4.51417e-01, 5.40504e-02, -1.62139e-01, -4.45901e-01, -2.48593e-01, -1.56109e-01
10800 ,-7.16580e-01, -1.42499e-01, -1.69447e+00, -1.98501e-01, -1.19624e+00, -1.04065e-03, 8.06194e-02, 1.00741e+00, -6.52861e-01, 3.69682e-01, -3.45309e-01, 1.87790e-01, 7.74880e-01, -8.20788e-01, -1.19081e-01, -4.55946e-01, 5.79042e-02, -1.61092e-01, -4.59662e-01, -2.48648e-01, -1.56190e-01
10900 ,-7.17567e-01, -1.41484e-01, -1.69905e+00, -1.97905e-01, -1.19279e+00, 6.99934e-04, 7.61912e-02, 1.03080e+00, -6.56017e-01, 3.76641e-01, -3.45248e-01, 1.92985e-01, 7.85317e-01, -8.16621e-01, -1.19440e-01, -4.59745e-01, 6.10385e-02, -1.60464e-01, -4.70868e-01, -2.48606e-01, -1.56298e-01
11000 ,-7.18474e-01, -1.40194e-01, -1.70465e+00, -1.99759e-01, -1.18916e+00, -6.62299e-03, 7.27693e-02, 1.05543e+00, -6.55652e-01, 3.79640e-01, -3.46424e-01, 1.93076e-01, 7.86033e-01, -8.12146e-01, -1.19296e-01, -4.59439e-01, 6.17400e-02, -1.54861e-01, -4.78957e-01, -2.50819e-01, -1.55384e-01
11100 ,-7.17685e-01, -1.41128e-01, -1.71137e+00, -1.93101e-01, -1.18618e+00, -2.08906e-04, 7.81544e-02, 1.07739e+00, -6.62052e-01, 3.89279e-01, -3.46339e-01, 1.98146e-01, 7.95560e-01, -8.18837e-01, -1.20482e-01, -4.63170e-01, 6.49905e-02, -1.52128e-01, -4.75113e-01, -2.50928e-01, -1.55677e-01
11200 ,-7.20016e-01, -1.41807e-01, -1.71428e+00, -1.96181e-01, -1.18463e+00, -8.52487e-04, 7.37159e-02, 1.09915e+00, -6.59338e-01, 3.90177e-01, -3.46375e-01, 2.03727e-01, 7.94065e-01, -8.14977e-01, -1.20704e-01, -4.66803e-01, 6.92601e-02, -1.51392e-01, -4.82076e-01, -2.51038e-01, -1.55686e-01
11300 ,-7.20408e-01, -1.42528e-01, -1.71716e+00, -1.94551e-01, -1.18182e+00, 1.92749e-04, 7.13591e-02, 1.12130e+00, -6.60099e-01, 3.92468e-01, -3.46272e-01, 2.08900e-01, 7.95786e-01, -8.12616e-01, -1.21571e-01, -4.71364e-01, 7.13483e-02, -1.49801e-01, -4.86578e-01, -2.50996e-01, -1.55937e-01
11400 ,-7.22039e-01, -1.42372e-01, -1.71796e+00, -1.99073e-01, -1.17983e+00, -6.58913e-04, 6.98496e-02, 1.14401e+00, -6.60936e-01, 3.95849e-01, -3.46223e-01, 2.10936e-01, 7.97643e-01, -8.09957e-01, -1.21869e-01, -4.72723e-01, 7.29096e-02, -1.49197e-01, -4.91270e-01, -2.50994e-01, -1.56013e-01
11500 ,-7.22019e-01, -1.42902e-01, -1.72014e+00, -1.97733e-01, -1.17752e+00, -1.30633e-04, 6.76096e-02, 1.16555e+00, -6.62187e-01, 3.98856e-01, -3.46102e-01, 2.18561e-01, 8.00106e-01, -8.07905e-01, -1.22352e-01, -4.78271e-01, 7.77230e-02, -1.48323e-01, -4.95354e-01, -2.50960e-01, -1.56139e-01
11600 ,-7.21534e-01, -1.42515e-01, -1.72343e+00, -1.96145e-01, -1.17387e+00, -2.31392e-04, 6.59794e-02, 1.18855e+00, -6.64018e-01, 4.01395e-01, -3.46092e-01, 2.18629e-01, 8.03014e-01, -8.05678e-01, -1.22764e-01, -4.77710e-01, 7.89140e-02, -1.47309e-01, -4.99905e-01, -2.51053e-01, -1.56219e-01
11700 ,-7.22189e-01, -1.42504e-01, -1.72531e+00, -1.97663e-01, -1.17141e+00, 7.95814e-04, 6.54403e-02, 1.21034e+00, -6.65071e-01, 4.05899e-01, -3.45988e-01, 2.25094e-01, 8.07430e-01, -8.05014e-01, -1.23287e-01, -4.83374e-01, 8.18610e-02, -1.46543e-01, -5.03366e-01, -2.50930e-01, -1.56383e-01
11800 ,-7.23265e-01, -1.42548e-01, -1.72689e+00, -1.97032e-01, -1.16895e+00, -1.16157e-04, 6.38762e-02, 1.23306e+00, -6.65634e-01, 4.10043e-01, -3.45877e-01, 2.26856e-01, 8.10227e-01, -8.03447e-01, -1.24081e-01, -4.85420e-01, 8.17875e-02, -1.45306e-01, -5.07697e-01, -2.50772e-01, -1.56617e-01
11900 ,-7.23926e-01, -1.42490e-01, -1.72887e+00, -1.96274e-01, -1.16659e+00, -6.37029e-05, 6.17252e-02, 1.25558e+00, -6.66691e-01, 4.13470e-01, -3.45702e-01, 2.26706e-01, 8.12305e-01, -8.01821e-01, -1.24879e-01, -4.83780e-01, 8.45212e-02, -1.43868e-01, -5.12309e-01, -2.50695e-01, -1.56800e-01
12000 ,-7.23547e-01, -1.41673e-01, -1.73384e+00, -1.93383e-01, -1.16294e+00, 3.06035e-03, 6.21754e-02, 1.27782e+00, -6.68012e-01, 4.19526e-01, -3.45546e-01, 2.29018e-01, 8.17800e-01, -8.04652e-01, -1.26272e-01, -4.84742e-01, 8.74838e-02, -1.41282e-01, -5.13476e-01, -2.50449e-01, -1.57071e-01
12100 ,-7.25426e-01, -1.42807e-01, -1.73392e+00, -1.94634e-01, -1.16244e+00, -2.33839e-04, 5.80204e-02, 1.29837e+00, -6.67173e-01, 4.21619e-01, -3.45434e-01, 2.36445e-01, 8.18662e-01, -8.01121e-01, -1.27216e-01, -4.91509e-01, 9.01089e-02, -1.39217e-01, -5.20211e-01, -2.50491e-01, -1.57246e-01
12200 ,-7.25786e-01, -1.42298e-01, -1.73524e+00, -1.95428e-01, -1.15991e+00, -1.90213e-03, 5.65750e-02, 1.31930e+00, -6.69254e-01, 4.24708e-01, -3.45292e-01, 2.38491e-01, 8.22374e-01, -7.99757e-01, -1.27970e-01, -4.92121e-01, 9.36241e-02, -1.37887e-01, -5.24484e-01, -2.50446e-01, -1.57451e-01
12300 ,-7.25468e-01, -1.41411e-01, -1.73822e+00, -1.93022e-01, -1.15670e+00, -9.17452e-04, 5.98743e-02, 1.34139e+00, -6.74655e-01, 4.32340e-01, -3.45148e-01, 2.34761e-01, 8.30413e-01, -8.03472e-01, -1.28676e-01, -4.88532e-01, 9.23953e-02, -1.36735e-01, -5.24259e-01, -2.50338e-01, -1.57653e-01
12400 ,-7.25509e-01, -1.42752e-01, -1.74058e+00, -1.93740e-01, -1.15647e+00, -1.11869e-03, 5.30349e-02, 1.36198e+00, -6.69960e-01, 4.32459e-01, -3.45176e-01, 2.38015e-01, 8.27199e-01, -7.99708e-01, -1.29168e-01, -4.89738e-01, 9.72270e-02, -1.35545e-01, -5.32394e-01, -2.50415e-01, -1.57711e-01
12500 ,-7.26830e-01, -1.42551e-01, -1.74035e+00, -1.94476e-01, -1.15486e+00, -5.41723e-04, 5.12574e-02, 1.38263e+00, -6.71650e-01, 4.35592e-01, -3.45101e-01, 2.42242e-01, 8.30457e-01, -7.98807e-01, -1.29883e-01, -4.92819e-01, 1.00971e-01, -1.34108e-01, -5.36376e-01, -2.50446e-01, -1.57865e-01
12600 ,-7.26544e-01, -1.41585e-01, -1.74298e+00, -1.91610e-01, -1.15195e+00, -2.45964e-04, 5.55599e-02, 1.40402e+00, -6.76820e-01, 4.43993e-01, -3.44829e-01, 2.43435e-01, 8.40118e-01, -8.04154e-01, -1.30671e-01, -4.93767e-01, 1.01774e-01, -1.33029e-01, -5.34568e-01, -2.50243e-01, -1.58136e-01
12700 ,-7.26748e-01, -1.43097e-01, -1.74554e+00, -1.93090e-01, -1.15249e+00, -9.07300e-04, 4.88508e-02, 1.42499e+00, -6.70655e-01, 4.44001e-01, -3.44806e-01, 2.48985e-01, 8.37274e-01, -8.00417e-01, -1.31419e-01, -4.99916e-01, 1.01928e-01, -1.31087e-01, -5.43079e-01, -2.50406e-01, -1.58207e-01
12800 ,-7.26701e-01, -1.43768e-01, -1.74414e+00, -1.92264e-01, -1.15107e+00, 2.87958e-04, 4.61854e-02, 1.44580e+00, -6.71817e-01, 4.45872e-01, -3.44689e-01, 2.51668e-01, 8.39177e-01, -7.98198e-01, -1.31990e-01, -5.02044e-01, 1.04308e-01, -1.30068e-01, -5.47989e-01, -2.50364e-01, -1.58354e-01
12900 ,-7.26534e-01, -1.43150e-01, -1.74635e+00, -1.92197e-01, -1.14910e+00, -3.39675e-04, 4.86829e-02, 1.46745e+00, -6.74415e-01, 4.53182e-01, -3.44452e-01, 2.50308e-01, 8.45592e-01, -8.02356e-01, -1.32638e-01, -5.01632e-01, 1.01821e-01, -1.28953e-01, -5.47726e-01, -2.50280e-01, -1.58507e-01
13000 ,-7.28130e-01, -1.42605e-01, -1.74569e+00, -1.91997e-01, -1.14843e+00, -4.73422e-04, 4.34079e-02, 1.48836e+00, -6.71990e-01, 4.52977e-01, -3.44417e-01, 2.53627e-01, 8.44761e-01, -7.98526e-01, -1.33678e-01, -5.04903e-01, 1.03343e-01, -1.26926e-01, -5.54625e-01, -2.50294e-01, -1.58716e-01
13100 ,-7.26988e-01, -1.42799e-01, -1.74599e+00, -1.93846e-01, -1.14751e+00, -1.20438e-03, 4.25506e-02, 1.50837e+00, -6.73140e-01, 4.55515e-01, -3.44040e-01, 2.53500e-01, 8.48322e-01, -7.98211e-01, -1.35577e-01, -5.04267e-01, 1.04770e-01, -1.23891e-01, -5.58420e-01, -2.50033e-01, -1.59273e-01
13200 ,-7.25570e-01, -1.43763e-01, -1.74711e+00, -1.92505e-01, -1.14673e+00, 7.33801e-04, 4.12001e-02, 1.52784e+00, -6.74194e-01, 4.58646e-01, -3.43895e-01, 2.56112e-01, 8.51220e-01, -7.99182e-01, -1.36589e-01, -5.06095e-01, 1.08794e-01, -1.21987e-01, -5.61164e-01, -2.49988e-01, -1.59471e-01
13300 ,-7.25484e-01, -1.43162e-01, -1.74671e+00, -1.92053e-01, -1.14549e+00, -9.90093e-04, 3.87160e-02, 1.54837e+00, -6.74346e-01, 4.60273e-01, -3.43698e-01, 2.56156e-01, 8.53365e-01, -7.97480e-01, -1.37629e-01, -5.06409e-01, 1.08003e-01, -1.20369e-01, -5.66077e-01, -2.49794e-01, -1.59741e-01
13400 ,-7.24872e-01, -1.44515e-01, -1.74388e+00, -1.95188e-01, -1.14658e+00, 8.00991e-04, 3.11146e-02, 1.56625e+00, -6.70031e-01, 4.57376e-01, -3.43097e-01, 2.62289e-01, 8.50253e-01, -7.91233e-01, -1.39836e-01, -5.11045e-01, 1.17617e-01, -1.17549e-01, -5.75568e-01, -2.49140e-01, -1.60433e-01
13500 ,-7.27767e-01, -1.43175e-01, -1.74374e+00, -1.98352e-01, -1.14584e+00, 8.46749e-03, 2.45797e-02, 1.58475e+00, -6.63092e-01, 4.52538e-01, -3.45542e-01, 2.59411e-01, 8.45887e-01, -7.85025e-01, -1.40904e-01, -5.07026e-01, 1.22122e-01, -1.06230e-01, -5.84177e-01, -2.52757e-01, -1.59050e-01
13600 ,-7.27839e-01, -1.38255e-01, -1.75362e+00, -1.98265e-01, -1.13913e+00, 1.61452e-02, 3.09398e-02, 1.60438e+00, -6.68115e-01, 4.59603e-01, -3.51559e-01, 2.58704e-01, 8.54325e-01, -7.92448e-01, -1.42576e-01, -5.06048e-01, 1.23886e-01, -6.43696e-02, -5.78717e-01, -2.68619e-01, -1.52445e-01
13700 ,-7.25810e-01, -1.38369e-01, -1.75808e+00, -1.98377e-01, -1.13879e+00, 1.66895e-02, 3.14508e-02, 1.62474e+00, -6.67307e-01, 4.61892e-01, -3.46437e-01, 2.65304e-01, 8.57192e-01, -7.94758e-01, -1.62811e-01, -5.14505e-01, 1.22527e-01, -1.36802e-02, -5.78599e-01, -2.73528e-01, -1.53570e-01
13800 ,-7.26342e-01, -1.36881e-01, -1.76004e+00, -1.98185e-01, -1.13770e+00, 2.34132e-02, 3.16320e-02, 1.64152e+00, -6.65856e-01, 4.63366e-01, -3.37626e-01, 2.66192e-01, 8.59318e-01, -7.96532e-01, -1.88231e-01, -5.16748e-01, 1.25377e-01, 4.27503e-02, -5.79056e-01, -2.77696e-01, -1.56463e-01
13900 ,-7.25230e-01, -1.38640e-01, -1.75978e+00, -2.04531e-01, -1.14262e+00, 2.87862e-02, 2.06760e-02, 1.65329e+00, -6.51407e-01, 4.49801e-01, -3.12809e-01, 2.46417e-01, 8.47266e-01, -7.84141e-01, -2.11003e-01, -4.98324e-01, 1.29319e-01, 9.56661e-02, -5.93444e-01, -2.84842e-01, -1.63917e-01
14000 ,-7.27162e-01, -1.37555e-01, -1.76338e+00, -2.02242e-01, -1.14380e+00, 3.30915e-02, 2.51434e-02, 1.64828e+00, -6.53081e-01, 4.50886e-01, -2.86060e-01, 2.45730e-01, 8.50496e-01, -7.85788e-01, -1.97225e-01, -4.98029e-01, 1.30580e-01, 1.12361e-01, -5.92184e-01, -3.19778e-01, -1.54029e-01
14100 ,-7.23958e-01, -1.39129e-01, -1.76672e+00, -2.00095e-01, -1.14403e+00, 3.80072e-02, 2.90137e-02, 1.64157e+00, -6.54498e-01, 4.51655e-01, -2.50571e-01, 2.47075e-01, 8.54410e-01, -7.88066e-01, -1.88196e-01, -4.99568e-01, 1.33131e-01, 1.32221e-01, -5.90399e-01, -3.50800e-01, -1.46677e-01
14200 ,-7.23087e-01, -1.39142e-01, -1.76653e+00, -1.98114e-01, -1.14380e+00, 4.30049e-02, 3.17412e-02, 1.63484e+00, -6.54669e-01, 4.51882e-01, -2.05816e-01, 2.49416e-01, 8.58150e-01, -7.90143e-01, -1.85647e-01, -5.01953e-01, 1.35869e-01, 1.57116e-01, -5.88880e-01, -3.76419e-01, -1.43458e-01
14300 ,-7.22663e-01, -1.39658e-01, -1.76276e+00, -1.95730e-01, -1.14417e+00, 5.33759e-02, 3.38169e-02, 1.62753e+00, -6.54327e-01, 4.51629e-01, -1.57337e-01, 2.52128e-01, 8.61627e-01, -7.92014e-01, -1.88140e-01, -5.04650e-01, 1.38847e-01, 1.89913e-01, -5.87590e-01, -4.01120e-01, -1.41650e-01
14400 ,-7.21315e-01, -1.41706e-01, -1.75627e+00, -1.94302e-01, -1.14871e+00, 6.55987e-02, 3.52015e-02, 1.61819e+00, -6.53291e-01, 4.51063e-01, -9.84166e-02, 2.55502e-01, 8.64911e-01, -7.93750e-01, -1.95275e-01, -5.08253e-01, 1.42123e-01, 2.16114e-01, -5.86525e-01, -4.27558e-01, -1.42750e-01
14500 ,-7.19301e-01, -1.45385e-01, -1.74704e+00, -1.90932e-01, -1.15377e+00, 8.25013e-02, 3.71195e-02, 1.60871e+00, -6.52357e-01, 4.51693e-01, -4.23636e-02, 2.58868e-01, 8.68301e-01, -7.95696e-01, -2.01772e-01, -5.12150e-01, 1.45118e-01, 2.45258e-01, -5.85162e-01, -4.55240e-01, -1.33504e-01
14600 ,-7.18245e-01, -1.48600e-01, -1.73605e+00, -1.87952e-01, -1.16195e+00, 9.87466e-02, 3.83550e-02, 1.60015e+00, -6.50659e-01, 4.53053e-01, -7.92563e-04, 2.58109e-01, 8.68323e-01, -7.96236e-01, -2.03481e-01, -5.13359e-01, 1.46197e-01, 2.68929e-01, -5.85294e-01, -4.82104e-01, -1.11714e-01
14700 ,-7.14318e-01, -1.51248e-01, -1.72681e+00, -1.86057e-01, -1.17114e+00, 1.10700e-01, 3.74472e-02, 1.59110e+00, -6.47680e-01, 4.52581e-01, 1.66470e-02, 2.57815e-01, 8.67129e-01, -7.96013e-01, -2.10770e-01, -5.14768e-01, 1.47752e-01, 2.89013e-01, -5.86370e-01, -5.00612e-01, -1.01275e-01
14800 ,-7.12245e-01, -1.52754e-01, -1.71939e+00, -1.81279e-01, -1.17806e+00, 1.20293e-01, 3.75713e-02, 1.58483e+00, -6.45577e-01, 4.53468e-01, 2.29793e-02, 2.56592e-01, 8.65980e-01, -7.95859e-01, -2.10537e-01, -5.15239e-01, 1.48461e-01, 3.12393e-01, -5.87243e-01, -5.23015e-01, -8.39018e-02
14900 ,-7.10479e-01, -1.53969e-01, -1.71158e+00, -1.79079e-01, -1.18434e+00, 1.29129e-01, 3.73551e-02, 1.57284e+00, -6.42440e-01, 4.53511e-01, 3.91700e-02, 2.57427e-01, 8.65651e-01, -7.96172e-01, -2.15125e-01, -5.18127e-01, 1.50551e-01, 3.19898e-01, -5.87818e-01, -5.36920e-01, -7.54460e-02
15000 ,-7.07865e-01, -1.55257e-01, -1.70442e+00, -1.78508e-01, -1.19223e+00, 1.32208e-01, 3.74773e-02, 1.56422e+00, -6.39990e-01, 4.54490e-01, 4.39413e-02, 2.56561e-01, 8.64408e-01, -7.96140e-01, -2.16291e-01, -5.19323e-01, 1.51582e-01, 3.33445e-01, -5.88595e-01, -5.52412e-01, -6.27582e-02
15100 ,-7.05058e-01, -1.56959e-01, -1.69686e+00, -1.78814e-01, -1.19654e+00, 1.37128e-01, 3.73399e-02, 1.55420e+00, -6.37014e-01, 4.55343e-01, 5.18776e-02, 2.55727e-01, 8.62886e-01, -7.96037e-01, -2.18841e-01, -5.20942e-01, 1.52656e-01, 3.40621e-01, -5.89555e-01, -5.63266e-01, -5.40262e-02
15200 ,-7.00737e-01, -1.58464e-01, -1.69398e+00, -1.75158e-01, -1.19950e+00, 1.40864e-01, 3.89029e-02, 1.54068e+00, -6.35359e-01, 4.56283e-01, 5.97774e-02, 2.49846e-01, 8.59075e-01, -7.95049e-01, -2.16702e-01, -5.18797e-01, 1.52358e-01, 3.42015e-01, -5.91463e-01, -5.76667e-01, -4.44101e-02
15300 ,-7.00736e-01, -1.58579e-01, -1.68740e+00, -1.74736e-01, -1.20408e+00, 1.40794e-01, 3.77973e-02, 1.53659e+00, -6.32754e-01, 4.57266e-01, 5.82962e-02, 2.54486e-01, 8.60387e-01, -7.96280e-01, -2.21333e-01, -5.23437e-01, 1.55197e-01, 3.59045e-01, -5.90983e-01, -5.86786e-01, -3.65908e-02
15400 ,-6.96811e-01, -1.59196e-01, -1.68410e+00, -1.73209e-01, -1.20405e+00, 1.43975e-01, 3.83437e-02, 1.52663e+00, -6.30828e-01, 4.58347e-01, 6.16400e-02, 2.54278e-01, 8.59828e-01, -7.96701e-01, -2.21790e-01, -5.25395e-01, 1.56701e-01, 3.64836e-01, -5.91400e-01, -5.97907e-01, -2.83957e-02
15500 ,-6.95187e-01, -1.60500e-01, -1.67740e+00, -1.74348e-01, -1.20743e+00, 1.47257e-01, 3.76394e-02, 1.51780e+00, -6.28040e-01, 4.58712e-01, 6.44287e-02, 2.54203e-01, 8.57901e-01, -7.96647e-01, -2.25649e-01, -5.27053e-01, 1.58469e-01, 3.72453e-01, -5.92611e-01, -6.05058e-01, -2.40696e-02
15600 ,-6.93242e-01, -1.60275e-01, -1.67512e+00, -1.73495e-01, -1.20859e+00, 1.50647e-01, 3.87336e-02, 1.50926e+00, -6.26286e-01, 4.60640e-01, 6.62516e-02, 2.54135e-01, 8.57752e-01, -7.97549e-01, -2.26526e-01, -5.28952e-01, 1.59904e-01, 3.79253e-01, -5.92552e-01, -6.14554e-01, -1.62390e-02
15700 ,-6.91879e-01, -1.60294e-01, -1.67741e+00, -1.72614e-01, -1.20924e+00, 1.52846e-01, 4.24268e-02, 1.49200e+00, -6.25697e-01, 4.62653e-01, 7.39805e-02, 2.45562e-01, 8.45590e-01, -7.84853e-01, -2.23052e-01, -5.20616e-01, 1.48997e-01, 3.72811e-01, -6.05941e-01, -6.24743e-01, -8.09184e-03
15800 ,-6.89940e-01, -1.61847e-01, -1.67569e+00, -1.71469e-01, -1.21121e+00, 1.56185e-01, 4.29460e-02, 1.48280e+00, -6.24127e-01, 4.63674e-01, 7.56707e-02, 2.48041e-01, 8.47026e-01, -7.85872e-01, -2.25105e-01, -5.23450e-01, 1.50701e-01, 3.77139e-01, -6.05299e-01, -6.31800e-01, -2.62759e-03
15900 ,-6.90336e-01, -1.61789e-01, -1.67328e+00, -1.71799e-01, -1.21422e+00, 1.55644e-01, 4.38019e-02, 1.47607e+00, -6.22767e-01, 4.65822e-01, 7.55106e-02, 2.50330e-01, 8.48438e-01, -7.86926e-01, -2.26479e-01, -5.26016e-01, 1.52058e-01, 3.83905e-01, -6.04607e-01, -6.40388e-01, 4.57657e-03
16000 ,-6.88964e-01, -1.62039e-01, -1.67165e+00, -1.68976e-01, -1.21373e+00, 1.57356e-01, 4.31084e-02, 1.46959e+00, -6.20667e-01, 4.66650e-01, 7.54790e-02, 2.52990e-01, 8.49415e-01, -7.87749e-01, -2.30227e-01, -5.28806e-01, 1.53596e-01, 3.91280e-01, -6.04236e-01, -6.47254e-01, 9.45862e-03
16100 ,-6.87778e-01, -1.62637e-01, -1.66974e+00, -1.68680e-01, -1.21480e+00, 1.58225e-01, 4.33224e-02, 1.46110e+00, -6.18318e-01, 4.68166e-01, 7.77735e-02, 2.55367e-01, 8.50534e-01, -7.88721e-01, -2.32646e-01, -5.31699e-01, 1.55070e-01, 3.95204e-01, -6.03702e-01, -6.53535e-01, 1.48903e-02
16200 ,-6.86341e-01, -1.63423e-01, -1.66628e+00, -1.69121e-01, -1.21652e+00, 1.59785e-01, 4.34450e-02, 1.45850e+00, -6.17632e-01, 4.70257e-01, 7.38072e-02, 2.56681e-01, 8.50912e-01, -7.89340e-01, -2.35113e-01, -5.33084e-01, 1.55883e-01, 4.06331e-01, -6.03487e-01, -6.62108e-01, 2.17151e-02
16300 ,-6.83662e-01, -1.63740e-01, -1.66617e+00, -1.68516e-01, -1.21632e+00, 1.60567e-01, 4.19683e-02, 1.45049e+00, -6.14501e-01, 4.69550e-01, 7.56804e-02, 2.58849e-01, 8.51181e-01, -7.89837e-01, -2.38711e-01, -5.35652e-01, 1.57488e-01, 4.11302e-01, -6.03619e-01, -6.67762e-01, 2.42614e-02
16400 ,-6.83902e-01, -1.64032e-01, -1.66094e+00, -1.68966e-01, -1.21968e+00, 1.61518e-01, 4.20333e-02, 1.44182e+00, -6.12431e-01, 4.70816e-01, 7.71535e-02, 2.57377e-01, 8.49313e-01, -7.89840e-01, -2.42366e-01, -5.35610e-01, 1.57969e-01, 4.15107e-01, -6.04227e-01, -6.73061e-01, 2.84153e-02
16500 ,-6.83933e-01, -1.63640e-01, -1.66009e+00, -1.69224e-01, -1.21993e+00, 1.62895e-01, 4.18711e-02, 1.43355e+00, -6.10315e-01, 4.71391e-01, 7.87529e-02, 2.57778e-01, 8.48854e-01, -7.90270e-01, -2.45786e-01, -5.37057e-01, 1.59080e-01, 4.18630e-01, -6.04425e-01, -6.79042e-01, 3.19896e-02
16600 ,-6.82702e-01, -1.64343e-01, -1.65739e+00, -1.69014e-01, -1.22105e+00, 1.63880e-01, 4.22046e-02, 1.42894e+00, -6.09662e-01, 4.73646e-01, 7.62237e-02, 2.57800e-01, 8.48286e-01, -7.90676e-01, -2.48248e-01, -5.37911e-01, 1.59627e-01, 4.25254e-01, -6.04544e-01, -6.86859e-01, 3.80548e-02
16700 ,-6.80595e-01, -1.64804e-01, -1.65888e+00, -1.67848e-01, -1.22082e+00, 1.65714e-01, 4.20458e-02, 1.42000e+00, -6.07675e-01, 4.74026e-01, 7.78699e-02, 2.57109e-01, 8.46991e-01, -7.90928e-01, -2.51652e-01, -5.38720e-01, 1.60551e-01, 4.27443e-01, -6.05066e-01, -6.92541e-01, 4.14602e-02
16800 ,-6.84209e-01, -1.64173e-01, -1.66461e+00, -1.62670e-01, -1.22685e+00, 1.63931e-01, 4.55230e-02, 1.41289e+00, -6.08761e-01, 4.77158e-01, 7.49423e-02, 2.56454e-01, 8.47696e-01, -8.02136e-01, -2.57839e-01, -5.39528e-01, 1.71945e-01, 4.37241e-01, -5.94970e-01, -6.95170e-01, 4.84903e-02
16900 ,-6.81436e-01, -1.65401e-01, -1.66091e+00, -1.66478e-01, -1.22525e+00, 1.65470e-01, 4.33182e-02, 1.40386e+00, -6.03661e-01, 4.76368e-01, 7.97414e-02, 2.54287e-01, 8.44808e-01, -8.01498e-01, -2.62870e-01, -5.38763e-01, 1.71895e-01, 4.38005e-01, -5.96300e-01, -6.96947e-01, 4.88161e-02
17000 ,-6.80287e-01, -1.65883e-01, -1.65725e+00, -1.66076e-01, -1.22582e+00, 1.66469e-01, 4.40596e-02, 1.39695e+00, -6.02809e-01, 4.77995e-01, 7.94369e-02, 2.54980e-01, 8.45012e-01, -8.02114e-01, -2.65117e-01, -5.39875e-01, 1.72908e-01, 4.41016e-01, -5.96031e-01, -7.02879e-01, 5.28142e-02
17100 ,-6.78383e-01, -1.66130e-01, -1.65706e+00, -1.64570e-01, -1.22691e+00, 1.64861e-01, 4.32863e-02, 1.39457e+00, -6.01230e-01, 4.79790e-01, 7.69253e-02, 2.55230e-01, 8.44380e-01, -8.02459e-01, -2.68949e-01, -5.40259e-01, 1.73436e-01, 4.47298e-01, -5.96058e-01, -7.07995e-01, 5.72737e-02
17200 ,-6.78598e-01, -1.66498e-01, -1.65285e+00, -1.64928e-01, -1.22625e+00, 1.67389e-01, 4.35488e-02, 1.38474e+00, -5.99411e-01, 4.79647e-01, 7.97565e-02, 2.53562e-01, 8.42735e-01, -8.02168e-01, -2.70958e-01, -5.40087e-01, 1.73682e-01, 4.45904e-01, -5.96852e-01, -7.13143e-01, 5.94577e-02
17300 ,-6.78613e-01, -1.65644e-01, -1.65086e+00, -1.65104e-01, -1.22549e+00, 1.67860e-01, 4.32309e-02, 1.37879e+00, -5.97720e-01, 4.80084e-01, 7.99649e-02, 2.53297e-01, 8.41973e-01, -8.02259e-01, -2.73505e-01, -5.40608e-01, 1.74242e-01, 4.48053e-01, -5.97202e-01, -7.18875e-01, 6.25707e-02
17400 ,-6.75610e-01, -1.66816e-01, -1.65186e+00, -1.63102e-01, -1.22487e+00, 1.69870e-01, 4.38409e-02, 1.37401e+00, -5.97307e-01, 4.82145e-01, 7.86295e-02, 2.53786e-01, 8.42087e-01, -8.02817e-01, -2.75759e-01, -5.41675e-01, 1.74935e-01, 4.50981e-01, -5.97013e-01, -7.24801e-01, 6.72789e-02
17500 ,-6.76640e-01, -1.66551e-01, -1.64938e+00, -1.64823e-01, -1.22629e+00, 1.70505e-01, 4.21987e-02, 1.36908e+00, -5.94133e-01, 4.82487e-01, 7.92654e-02, 2.53742e-01, 8.40782e-01, -8.02784e-01, -2.80250e-01, -5.42370e-01, 1.75448e-01, 4.53735e-01, -5.97637e-01, -7.28637e-01, 6.94104e-02
17600 ,-6.75291e-01, -1.67371e-01, -1.64941e+00, -1.63401e-01, -1.22652e+00, 1.70504e-01, 4.36540e-02, 1.36208e+00, -5.93817e-01, 4.85083e-01, 7.91696e-02, 2.53220e-01, 8.40376e-01, -8.03207e-01, -2.81263e-01, -5.43056e-01, 1.75894e-01, 4.54335e-01, -5.97599e-01, -7.35411e-01, 7.53388e-02
17700 ,-6.73710e-01, -1.68176e-01, -1.64849e+00, -1.63121e-01, -1.22695e+00, 1.70237e-01, 4.26050e-02, 1.35544e+00, -5.91756e-01, 4.84620e-01, 7.99331e-02, 2.52719e-01, 8.39024e-01, -8.03119e-01, -2.84959e-01, -5.43617e-01, 1.76524e-01, 4.55608e-01, -5.98302e-01, -7.40181e-01, 7.73187e-02
17800 ,-6.75155e-01, -1.67957e-01, -1.64667e+00, -1.64908e-01, -1.22789e+00, 1.73485e-01, 4.24094e-02, 1.35023e+00, -5.89830e-01, 4.86314e-01, 7.99042e-02, 2.52487e-01, 8.38008e-01, -8.03361e-01, -2.88637e-01, -5.44280e-01, 1.77067e-01, 4.58080e-01, -5.98658e-01, -7.45163e-01, 8.08820e-02
17900 ,-6.73999e-01, -1.68756e-01, -1.64566e+00, -1.64709e-01, -1.22811e+00, 1.75257e-01, 4.30436e-02, 1.33998e+00, -5.88719e-01, 4.85525e-01, 8.28005e-02, 2.46318e-01, 8.32821e-01, -8.01418e-01, -2.89347e-01, -5.40960e-01, 1.75444e-01, 4.54898e-01, -6.01368e-01, -7.51568e-01, 8.36894e-02
18000 ,-6.74983e-01, -1.67988e-01, -1.64574e+00, -1.63953e-01, -1.22810e+00, 1.77068e-01, 4.27963e-02, 1.33581e+00, -5.88017e-01, 4.86587e-01, 8.10840e-02, 2.48444e-01, 8.33870e-01, -8.02440e-01, -2.92432e-01, -5.43442e-01, 1.77066e-01, 4.58196e-01, -6.00798e-01, -7.57816e-01, 8.76663e-02
18100 ,-6.73870e-01, -1.68587e-01, -1.64492e+00, -1.64031e-01, -1.22940e+00, 1.75659e-01, 4.17797e-02, 1.33317e+00, -5.87054e-01, 4.87837e-01, 7.83645e-02, 2.50616e-01, 8.34587e-01, -8.03296e-01, -2.96350e-01, -5.45813e-01, 1.78444e-01, 4.62490e-01, -6.00410e-01, -7.63457e-01, 9.14852e-02
18200 ,-6.73687e-01, -1.68720e-01, -1.64453e+00, -1.64334e-01, -1.22921e+00, 1.76599e-01, 4.19610e-02, 1.32650e+00, -5.85845e-01, 4.88612e-01, 7.88120e-02, 2.51025e-01, 8.34476e-01, -8.03753e-01, -2.98510e-01, -5.47488e-01, 1.79404e-01, 4.62832e-01, -6.00516e-01, -7.69317e-01, 9.50725e-02
18300 ,-6.71822e-01, -1.69316e-01, -1.64600e+00, -1.63118e-01, -1.22892e+00, 1.75578e-01, 4.15546e-02, 1.32035e+00, -5.84436e-01, 4.88117e-01, 7.88554e-02, 2.49447e-01, 8.32623e-01, -8.03316e-01, -3.00428e-01, -5.47330e-01, 1.79539e-01, 4.63923e-01, -6.01656e-01, -7.75388e-01, 9.81453e-02
18400 ,-6.72919e-01, -1.69236e-01, -1.64405e+00, -1.64120e-01, -1.22920e+00, 1.77740e-01, 4.24516e-02, 1.31381e+00, -5.83753e-01, 4.89623e-01, 7.89209e-02, 2.49362e-01, 8.32329e-01, -8.03796e-01, -3.02454e-01, -5.48532e-01, 1.80398e-01, 4.64860e-01, -6.01765e-01, -7.81013e-01, 1.01812e-01
18500 ,-6.73342e-01, -1.69177e-01, -1.64303e+00, -1.64385e-01, -1.23112e+00, 1.76645e-01, 4.16797e-02, 1.31044e+00, -5.81988e-01, 4.91497e-01, 7.72081e-02, 2.49752e-01, 8.31470e-01, -8.04093e-01, -3.06085e-01, -5.49724e-01, 1.80936e-01, 4.68648e-01, -6.02116e-01, -7.86031e-01, 1.05905e-01
18600 ,-6.72609e-01, -1.69221e-01, -1.64310e+00, -1.64674e-01, -1.23007e+00, 1.79975e-01, 4.11864e-02, 1.30817e+00, -5.82103e-01, 4.92957e-01, 7.36113e-02, 2.50605e-01, 8.31309e-01, -8.04598e-01, -3.09335e-01, -5.50968e-01, 1.81729e-01, 4.73431e-01, -6.02200e-01, -7.92363e-01, 1.09713e-01
18700 ,-6.71616e-01, -1.69349e-01, -1.64505e+00, -1.63030e-01, -1.22992e+00, 1.80656e-01, 4.05771e-02, 1.29818e+00, -5.79053e-01, 4.90876e-01, 7.81271e-02, 2.48988e-01, 8.29163e-01, -8.04204e-01, -3.12304e-01, -5.51755e-01, 1.82608e-01, 4.70299e-01, -6.03614e-01, -7.95267e-01, 1.10011e-01
18800 ,-6.70648e-01, -1.69855e-01, -1.64414e+00, -1.63060e-01, -1.23064e+00, 1.79409e-01, 4.15419e-02, 1.29354e+00, -5.79382e-01, 4.92878e-01, 7.61815e-02, 2.48468e-01, 8.28734e-01, -8.04585e-01, -3.13638e-01, -5.52536e-01, 1.83076e-01, 4.72233e-01, -6.03812e-01, -8.02128e-01, 1.14525e-01
18900 ,-6.71214e-01, -1.69722e-01, -1.64297e+00, -1.64501e-01, -1.23131e+00, 1.79984e-01, 4.13601e-02, 1.28830e+00, -5.78010e-01, 4.93535e-01, 7.59184e-02, 2.48702e-01, 8.28066e-01, -8.05001e-01, -3.16564e-01, -5.54019e-01, 1.84157e-01, 4.73825e-01, -6.04290e-01, -8.07081e-01, 1.16690e-01
19000 ,-6.71119e-01, -1.69926e-01, -1.64223e+00, -1.64464e-01, -1.23094e+00, 1.83473e-01, 4.17162e-02, 1.28147e+00, -5.77803e-01, 4.94147e-01, 7.56498e-02, 2.46709e-01, 8.26052e-01, -8.04733e-01, -3.18996e-01, -5.54027e-01, 1.84341e-01, 4.73863e-01, -6.05387e-01, -8.12238e-01, 1.19258e-01
19100 ,-6.69422e-01, -1.70294e-01, -1.64452e+00, -1.62203e-01, -1.23094e+00, 1.81784e-01, 4.05498e-02, 1.27852e+00, -5.76696e-01, 4.94152e-01, 7.36264e-02, 2.48601e-01, 8.26216e-01, -8.05585e-01, -3.22694e-01, -5.56418e-01, 1.85949e-01, 4.77592e-01, -6.05379e-01, -8.16509e-01, 1.21470e-01
19200 ,-6.70830e-01, -1.69562e-01, -1.64368e+00, -1.63246e-01, -1.23050e+00, 1.84441e-01, 4.11034e-02, 1.27255e+00, -5.75799e-01, 4.95155e-01, 7.38322e-02, 2.47677e-01, 8.25213e-01, -8.05828e-01, -3.24725e-01, -5.57259e-01, 1.86495e-01, 4.78113e-01, -6.05974e-01, -8.21115e-01, 1.24298e-01
19300 ,-6.70675e-01, -1.69455e-01, -1.64374e+00, -1.64824e-01, -1.23224e+00, 1.84910e-01, 4.16523e-02, 1.26682e+00, -5.75501e-01, 4.96049e-01, 7.30248e-02, 2.45897e-01, 8.23717e-01, -8.05645e-01, -3.26501e-01, -5.57350e-01, 1.86558e-01, 4.78734e-01, -6.07026e-01, -8.26788e-01, 1.27299e-01
19400 ,-6.68498e-01, -1.70227e-01, -1.64551e+00, -1.62996e-01, -1.23262e+00, 1.81765e-01, 4.17912e-02, 1.26109e+00, -5.74412e-01, 4.96946e-01, 7.28365e-02, 2.46003e-01, 8.23300e-01, -8.06361e-01, -3.28862e-01, -5.59133e-01, 1.87602e-01, 4.79672e-01, -6.07260e-01, -8.31251e-01, 1.30254e-01
19500 ,-6.68978e-01, -1.70062e-01, -1.64533e+00, -1.64369e-01, -1.23195e+00, 1.82888e-01, 4.12569e-02, 1.25827e+00, -5.73093e-01, 4.97922e-01, 7.11545e-02, 2.46710e-01, 8.22770e-01, -8.07003e-01, -3.32136e-01, -5.60692e-01, 1.88639e-01, 4.83349e-01, -6.07648e-01, -8.35866e-01, 1.33111e-01
19600 ,-6.69379e-01, -1.70890e-01, -1.64469e+00, -1.64925e-01, -1.23297e+00, 1.83381e-01, 3.87005e-02, 1.25327e+00, -5.69228e-01, 4.96025e-01, 7.29508e-02, 2.37046e-01, 8.13592e-01, -8.00727e-01, -3.36351e-01, -5.53265e-01, 1.82207e-01, 4.83398e-01, -6.15059e-01, -8.37943e-01, 1.33568e-01
19700 ,-6.69002e-01, -1.71100e-01, -1.64790e+00, -1.63129e-01, -1.23184e+00, 1.86148e-01, 4.20015e-02, 1.24247e+00, -5.69823e-01, 4.98475e-01, 7.54575e-02, 2.38438e-01, 8.15722e-01, -8.03329e-01, -3.35925e-01, -5.56507e-01, 1.84911e-01, 4.79000e-01, -6.13171e-01, -8.43364e-01, 1.37894e-01
19800 ,-6.70797e-01, -1.71026e-01, -1.64588e+00, -1.63767e-01, -1.23203e+00, 1.89310e-01, 4.32356e-02, 1.23688e+00, -5.70522e-01, 5.00151e-01, 7.40859e-02, 2.40103e-01, 8.17045e-01, -8.05220e-01, -3.38080e-01, -5.59006e-01, 1.87224e-01, 4.80266e-01, -6.12049e-01, -8.48780e-01, 1.40836e-01
19900 ,-6.69988e-01, -1.71449e-01, -1.64609e+00, -1.62556e-01, -1.23250e+00, 1.89035e-01, 4.28632e-02, 1.23050e+00, -5.69710e-01, 5.00027e-01, 7.37841e-02, 2.41710e-01, 8.17735e-01, -8.06439e-01, -3.41357e-01, -5.61748e-01, 1.89379e-01, 4.80607e-01, -6.11791e-01, -8.52886e-01, 1.42401e-01
20000 ,-6.68956e-01, -1.72256e-01, -1.64484e+00, -1.63919e-01, -1.23490e+00, 1.87189e-01, 4.00160e-02, 1.22736e+00, -5.66760e-01, 4.99066e-01, 7.30372e-02, 2.43159e-01, 8.16863e-01, -8.06650e-01, -3.47778e-01, -5.63799e-01, 1.90901e-01, 4.84393e-01, -6.12828e-01, -8.54492e-01, 1.42484e-01
20100 ,-6.68924e-01, -1.70823e-01, -1.64801e+00, -1.63018e-01, -1.23297e+00, 1.87758e-01, 4.09985e-02, 1.22581e+00, -5.67824e-01, 5.01581e-01, 6.88308e-02, 2.44251e-01, 8.17824e-01, -8.08320e-01, -3.49543e-01, -5.65163e-01, 1.92085e-01, 4.89737e-01, -6.11847e-01, -8.60803e-01, 1.46961e-01
20200 ,-6.69042e-01, -1.69872e-01, -1.64998e+00, -1.61365e-01, -1.23192e+00, 1.87904e-01, 4.15547e-02, 1.22297e+00, -5.68236e-01, 5.03352e-01, 6.59343e-02, 2.46023e-01, 8.19040e-01, -8.10354e-01, -3.52116e-01, -5.67322e-01, 1.94061e-01, 4.93799e-01, -6.10693e-01, -8.66153e-01, 1.50366e-01
20300 ,-6.69518e-01, -1.70928e-01, -1.64702e+00, -1.63198e-01, -1.23177e+00, 1.92216e-01, 4.05218e-02, 1.21801e+00, -5.66151e-01, 5.03066e-01, 6.63226e-02, 2.42237e-01, 8.15003e-01, -8.08287e-01, -3.56354e-01, -5.64837e-01, 1.92253e-01, 4.94998e-01, -6.14000e-01, -8.68561e-01, 1.50894e-01
20400 ,-6.69602e-01, -1.70329e-01, -1.64953e+00, -1.62909e-01, -1.23264e+00, 1.90557e-01, 4.38128e-02, 1.20778e+00, -5.66974e-01, 5.05053e-01, 6.76474e-02, 2.37672e-01, 8.12749e-01, -8.06871e-01, -3.53997e-01, -5.62461e-01, 1.89844e-01, 4.89926e-01, -6.15938e-01, -8.75457e-01, 1.56142e-01
20500 ,-6.68305e-01, -1.71494e-01, -1.64920e+00, -1.63028e-01, -1.23301e+00, 1.90547e-01, 4.39389e-02, 1.20117e+00, -5.65997e-01, 5.05326e-01, 6.78230e-02, 2.39201e-01, 8.13683e-01, -8.08471e-01, -3.57091e-01, -5.65079e-01, 1.92065e-01, 4.90207e-01, -6.15363e-01, -8.78839e-01, 1.57912e-01
20600 ,-6.68242e-01, -1.72170e-01, -1.64855e+00, -1.62254e-01, -1.23430e+00, 1.87676e-01, 4.25902e-02, 1.19625e+00, -5.63955e-01, 5.04894e-01, 6.76642e-02, 2.40215e-01, 8.13536e-01, -8.09171e-01, -3.61538e-01, -5.67024e-01, 1.93523e-01, 4.92191e-01, -6.15768e-01, -8.81701e-01, 1.58996e-01
20700 ,-6.67864e-01, -1.72030e-01, -1.64877e+00, -1.61630e-01, -1.23261e+00, 1.90767e-01, 4.25801e-02, 1.19314e+00, -5.63555e-01, 5.06726e-01, 6.53949e-02, 2.41531e-01, 8.14092e-01, -8.10760e-01, -3.65158e-01, -5.68953e-01, 1.94996e-01, 4.96249e-01, -6.15090e-01, -8.85679e-01, 1.62213e-01
20800 ,-6.68076e-01, -1.71260e-01, -1.64873e+00, -1.61990e-01, -1.23303e+00, 1.90097e-01, 4.18123e-02, 1.19011e+00, -5.62362e-01, 5.07613e-01, 6.33985e-02, 2.42235e-01, 8.13893e-01, -8.11565e-01, -3.69292e-01, -5.70336e-01, 1.95889e-01, 5.00206e-01, -6.15328e-01, -8.89420e-01, 1.64617e-01
20900 ,-6.66142e-01, -1.71883e-01, -1.64983e+00, -1.60541e-01, -1.23118e+00, 1.91533e-01, 4.28254e-02, 1.18266e+00, -5.62233e-01, 5.08799e-01, 6.32414e-02, 2.41230e-01, 8.13365e-01, -8.12119e-01, -3.71082e-01, -5.70966e-01, 1.96070e-01, 4.99515e-01, -6.15700e-01, -8.93646e-01, 1.67759e-01
21000 ,-6.66734e-01, -1.71564e-01, -1.65006e+00, -1.61537e-01, -1.23181e+00, 1.92151e-01, 4.21370e-02, 1.17883e+00, -5.60418e-01, 5.08861e-01, 6.24071e-02, 2.41970e-01, 8.13278e-01, -8.12920e-01, -3.75005e-01, -5.72505e-01, 1.97240e-01, 5.02886e-01, -6.16166e-01, -8.97086e-01, 1.69383e-01
21100 ,-6.67405e-01, -1.71547e-01, -1.64969e+00, -1.62413e-01, -1.23266e+00, 1.92842e-01, 4.17153e-02, 1.17448e+00, -5.58753e-01, 5.09075e-01, 6.19717e-02, 2.41200e-01, 8.12154e-01, -8.12888e-01, -3.78205e-01, -5.72799e-01, 1.97288e-01, 5.05026e-01, -6.17344e-01, -9.00318e-01, 1.71297e-01
21200 ,-6.67586e-01, -1.71095e-01, -1.65068e+00, -1.62771e-01, -1.23368e+00, 1.92422e-01, 4.24055e-02, 1.16919e+00, -5.58271e-01, 5.09770e-01, 6.10804e-02, 2.41426e-01, 8.12460e-01, -8.14060e-01, -3.80221e-01, -5.74121e-01, 1.98508e-01, 5.06390e-01, -6.17300e-01, -9.04923e-01, 1.73953e-01
21300 ,-6.66479e-01, -1.71862e-01, -1.65071e+00, -1.61325e-01, -1.23302e+00, 1.94090e-01, 4.22819e-02, 1.16313e+00, -5.57365e-01, 5.09866e-01, 6.08403e-02, 2.40593e-01, 8.11458e-01, -8.14248e-01, -3.83153e-01, -5.74828e-01, 1.98846e-01, 5.06606e-01, -6.18284e-01, -9.07909e-01, 1.75832e-01
21400 ,-6.66840e-01, -1.72041e-01, -1.64973e+00, -1.62587e-01, -1.23358e+00, 1.93014e-01, 4.17760e-02, 1.15946e+00, -5.55923e-01, 5.09946e-01, 5.98949e-02, 2.40107e-01, 8.10569e-01, -8.14269e-01, -3.86267e-01, -5.75454e-01, 1.98950e-01, 5.09170e-01, -6.19509e-01, -9.11412e-01, 1.77644e-01
21500 ,-6.66619e-01, -1.72299e-01, -1.64941e+00, -1.62211e-01, -1.23399e+00, 1.93601e-01, 4.21118e-02, 1.15371e+00, -5.55553e-01, 5.10504e-01, 5.89697e-02, 2.40427e-01, 8.10706e-01, -8.15487e-01, -3.88812e-01, -5.77181e-01, 2.00345e-01, 5.09890e-01, -6.19496e-01, -9.15413e-01, 1.80052e-01
21600 ,-6.66731e-01, -1.70509e-01, -1.65374e+00, -1.62460e-01, -1.23283e+00, 1.90227e-01, 4.28135e-02, 1.15180e+00, -5.55625e-01, 5.11573e-01, 5.60219e-02, 2.39500e-01, 8.10484e-01, -8.16195e-01, -3.90000e-01, -5.76887e-01, 2.00053e-01, 5.13858e-01, -6.19808e-01, -9.21918e-01, 1.84304e-01
21700 ,-6.65971e-01, -1.72142e-01, -1.65103e+00, -1.62356e-01, -1.23263e+00, 1.92334e-01, 4.23662e-02, 1.14336e+00, -5.53632e-01, 5.10707e-01, 5.82464e-02, 2.39177e-01, 8.09654e-01, -8.16537e-01, -3.93267e-01, -5.79242e-01, 2.01380e-01, 5.11097e-01, -6.21039e-01, -9.23229e-01, 1.84634e-01
21800 ,-6.66910e-01, -1.72423e-01, -1.64945e+00, -1.62287e-01, -1.23255e+00, 1.95156e-01, 4.27923e-02, 1.13727e+00, -5.52820e-01, 5.11126e-01, 5.83844e-02, 2.36893e-01, 8.08052e-01, -8.16007e-01, -3.95325e-01, -5.79097e-01, 2.00618e-01, 5.10258e-01, -6.22686e-01, -9.26893e-01, 1.86753e-01
21900 ,-6.67262e-01, -1.71971e-01, -1.65063e+00, -1.61234e-01, -1.23288e+00, 1.94978e-01, 4.30629e-02, 1.13397e+00, -5.52657e-01, 5.12104e-01, 5.64046e-02, 2.37064e-01, 8.08030e-01, -8.17249e-01, -3.98139e-01, -5.80252e-01, 2.01495e-01, 5.12932e-01, -6.22745e-01, -9.31190e-01, 1.89329e-01
22000 ,-6.67445e-01, -1.71697e-01, -1.65121e+00, -1.62148e-01, -1.23244e+00, 1.96663e-01, 4.30706e-02, 1.13093e+00, -5.51865e-01, 5.12631e-01, 5.49031e-02, 2.37782e-01, 8.08192e-01, -8.18676e-01, -4.01477e-01, -5.81751e-01, 2.02915e-01, 5.16110e-01, -6.22816e-01, -9.34933e-01, 1.91333e-01
22100 ,-6.66109e-01, -1.72295e-01, -1.65146e+00, -1.61670e-01, -1.23308e+00, 1.96184e-01, 4.37026e-02, 1.12482e+00, -5.50857e-01, 5.13481e-01, 5.53180e-02, 2.36772e-01, 8.07599e-01, -8.19350e-01, -4.03494e-01, -5.82929e-01, 2.03173e-01, 5.15168e-01, -6.23406e-01, -9.37868e-01, 1.93789e-01
22200 ,-6.65954e-01, -1.72315e-01, -1.65115e+00, -1.60772e-01, -1.23289e+00, 1.95523e-01, 4.44546e-02, 1.12040e+00, -5.51088e-01, 5.14483e-01, 5.36392e-02, 2.35430e-01, 8.06965e-01, -8.19809e-01, -4.05285e-01, -5.83255e-01, 2.03020e-01, 5.16115e-01, -6.24031e-01, -9.42312e-01, 1.96709e-01
22300 ,-6.67219e-01, -1.71599e-01, -1.65078e+00, -1.61430e-01, -1.23340e+00, 1.96062e-01, 4.36438e-02, 1.11729e+00, -5.49703e-01, 5.13863e-01, 5.24054e-02, 2.35282e-01, 8.06124e-01, -8.19977e-01, -4.08410e-01, -5.84195e-01, 2.03718e-01, 5.18614e-01, -6.25405e-01, -9.46199e-01, 1.97841e-01
22400 ,-6.65955e-01, -1.71677e-01, -1.65359e+00, -1.59484e-01, -1.23156e+00, 1.97770e-01, 4.44641e-02, 1.11262e+00, -5.49625e-01, 5.14982e-01, 5.13755e-02, 2.40807e-01, 8.10157e-01, -8.25812e-01, -4.12284e-01, -5.90484e-01, 2.10104e-01, 5.21201e-01, -6.21748e-01, -9.48720e-01, 1.99194e-01
22500 ,-6.65811e-01, -1.72809e-01, -1.65357e+00, -1.60314e-01, -1.23434e+00, 1.97043e-01, 4.42739e-02, 1.10879e+00, -5.47655e-01, 5.16221e-01, 5.11345e-02, 2.35593e-01, 8.05257e-01, -8.23936e-01, -4.15905e-01, -5.86614e-01, 2.07034e-01, 5.22534e-01, -6.25285e-01, -9.50637e-01, 2.00943e-01
22600 ,-6.67027e-01, -1.71777e-01, -1.65255e+00, -1.61211e-01, -1.23371e+00, 1.98050e-01, 4.51634e-02, 1.10265e+00, -5.46427e-01, 5.16678e-01, 5.16158e-02, 2.34608e-01, 8.04756e-01, -8.24771e-01, -4.18023e-01, -5.87443e-01, 2.07664e-01, 5.22216e-01, -6.26004e-01, -9.54382e-01, 2.02696e-01
22700 ,-6.65772e-01, -1.72469e-01, -1.65686e+00, -1.58788e-01, -1.23361e+00, 1.98716e-01, 4.69732e-02, 1.09884e+00, -5.46550e-01, 5.20210e-01, 4.97755e-02, 2.35250e-01, 8.05522e-01, -8.28184e-01, -4.20673e-01, -5.88817e-01, 2.09567e-01, 5.24610e-01, -6.24301e-01, -9.57935e-01, 2.06514e-01
22800 ,-6.65759e-01, -1.73822e-01, -1.65257e+00, -1.61401e-01, -1.23607e+00, 1.97581e-01, 3.95621e-02, 1.10086e+00, -5.38360e-01, 5.12852e-01, 5.04325e-02, 2.26454e-01, 7.96677e-01, -8.20044e-01, -4.28898e-01, -5.81435e-01, 2.01670e-01, 5.28326e-01, -6.33648e-01, -9.56391e-01, 2.02576e-01
22900 ,-6.66474e-01, -1.74603e-01, -1.65113e+00, -1.62086e-01, -1.23614e+00, 1.98497e-01, 4.09696e-02, 1.09778e+00, -5.38726e-01, 5.13411e-01, 5.09901e-02, 2.22409e-01, 7.96298e-01, -8.18091e-01, -4.23352e-01, -5.79505e-01, 1.98761e-01, 5.19892e-01, -6.35227e-01, -9.64097e-01, 2.09522e-01
23000 ,-6.66139e-01, -1.74791e-01, -1.65125e+00, -1.60966e-01, -1.23590e+00, 2.00065e-01, 4.32430e-02, 1.09380e+00, -5.40343e-01, 5.15425e-01, 5.04169e-02, 2.23201e-01, 7.98364e-01, -8.19255e-01, -4.21068e-01, -5.81238e-01, 1.99547e-01, 5.15592e-01, -6.34015e-01, -9.69976e-01, 2.14777e-01
23100 ,-6.66542e-01, -1.74125e-01, -1.65201e+00, -1.60969e-01, -1.23519e+00, 2.01276e-01, 4.44380e-02, 1.09153e+00, -5.41124e-01, 5.16643e-01, 4.88227e-02, 2.24114e-01, 7.99680e-01, -8.20133e-01, -4.21305e-01, -5.82508e-01, 2.00217e-01, 5.15298e-01, -6.33240e-01, -9.74357e-01, 2.18242e-01
23200 ,-6.67068e-01, -1.73199e-01, -1.65176e+00, -1.60764e-01, -1.23426e+00, 2.01161e-01, 4.45381e-02, 1.08879e+00, -5.40489e-01, 5.16318e-01, 5.03846e-02, 2.25390e-01, 8.00445e-01, -8.20706e-01, -4.23813e-01, -5.84125e-01, 2.01112e-01, 5.14440e-01, -6.33035e-01, -9.76180e-01, 2.18161e-01
23300 ,-6.66371e-01, -1.73673e-01, -1.65068e+00, -1.61101e-01, -1.23448e+00, 2.03243e-01, 4.50553e-02, 1.08588e+00, -5.40614e-01, 5.16474e-01, 5.02467e-02, 2.26682e-01, 8.01490e-01, -8.21418e-01, -4.25682e-01, -5.85802e-01, 2.02040e-01, 5.13411e-01, -6.32645e-01, -9.78915e-01, 2.18917e-01
23400 ,-6.65814e-01, -1.73159e-01, -1.65171e+00, -1.60034e-01, -1.23401e+00, 2.02788e-01, 4.58517e-02, 1.08449e+00, -5.41403e-01, 5.17243e-01, 4.71795e-02, 2.27328e-01, 8.02423e-01, -8.22079e-01, -4.26463e-01, -5.86613e-01, 2.02544e-01, 5.15591e-01, -6.32161e-01, -9.83970e-01, 2.21811e-01
23500 ,-6.65113e-01, -1.74286e-01, -1.64990e+00, -1.61565e-01, -1.23517e+00, 2.01945e-01, 4.45367e-02, 1.08186e+00, -5.39289e-01, 5.15891e-01, 4.97737e-02, 2.28773e-01, 8.02076e-01, -8.22245e-01, -4.32043e-01, -5.88441e-01, 2.03371e-01, 5.15358e-01, -6.32679e-01, -9.82469e-01, 2.19388e-01
23600 ,-6.65560e-01, -1.73698e-01, -1.65052e+00, -1.60333e-01, -1.23400e+00, 2.03321e-01, 4.49256e-02, 1.07986e+00, -5.39660e-01, 5.16270e-01, 4.80825e-02, 2.29592e-01, 8.02748e-01, -8.22845e-01, -4.33885e-01, -5.89597e-01, 2.03971e-01, 5.16554e-01, -6.32397e-01, -9.85795e-01, 2.20945e-01
23700 ,-6.66468e-01, -1.73107e-01, -1.65012e+00, -1.61432e-01, -1.23490e+00, 2.04144e-01, 4.51478e-02, 1.07896e+00, -5.39524e-01, 5.17144e-01, 4.59583e-02, 2.30291e-01, 8.03025e-01, -8.23402e-01, -4.36738e-01, -5.90369e-01, 2.04339e-01, 5.20001e-01, -6.32195e-01, -9.88275e-01, 2.22990e-01
23800 ,-6.65324e-01, -1.73518e-01, -1.65124e+00, -1.59974e-01, -1.23449e+00, 2.03744e-01, 4.45946e-02, 1.07671e+00, -5.38371e-01, 5.16592e-01, 4.64756e-02, 2.31721e-01, 8.03215e-01, -8.23950e-01, -4.40974e-01, -5.91984e-01, 2.05215e-01, 5.21331e-01, -6.32254e-01, -9.88557e-01, 2.22369e-01
23900 ,-6.64496e-01, -1.73697e-01, -1.65053e+00, -1.60521e-01, -1.23480e+00, 2.02862e-01, 4.50656e-02, 1.07400e+00, -5.38435e-01, 5.16872e-01, 4.55390e-02, 2.32358e-01, 8.03743e-01, -8.24581e-01, -4.43175e-01, -5.93164e-01, 2.05918e-01, 5.21719e-01, -6.32070e-01, -9.91288e-01, 2.23485e-01
24000 ,-6.65160e-01, -1.72870e-01, -1.65082e+00, -1.60354e-01, -1.23406e+00, 2.01505e-01, 4.52468e-02, 1.07173e+00, -5.37770e-01, 5.16975e-01, 4.52441e-02, 2.31447e-01, 8.03241e-01, -8.24624e-01, -4.44838e-01, -5.93386e-01, 2.05800e-01, 5.22318e-01, -6.32501e-01, -9.94361e-01, 2.25113e-01
24100 ,-6.64459e-01, -1.73824e-01, -1.64934e+00, -1.60084e-01, -1.23342e+00, 2.05220e-01, 4.55345e-02, 1.06941e+00, -5.38113e-01, 5.17343e-01, 4.36782e-02, 2.31275e-01, 8.03107e-01, -8.24944e-01, -4.46994e-01, -5.94034e-01, 2.06026e-01, 5.22938e-01, -6.32604e-01, -9.96759e-01, 2.26544e-01
24200 ,-6.63561e-01, -1.74389e-01, -1.65032e+00, -1.60238e-01, -1.23511e+00, 2.03664e-01, 4.57494e-02, 1.06643e+00, -5.37564e-01, 5.17514e-01, 4.37006e-02, 2.30730e-01, 8.02721e-01, -8.25186e-01, -4.49092e-01, -5.94681e-01, 2.06155e-01, 5.22277e-01, -6.32921e-01, -9.98576e-01, 2.27675e-01
24300 ,-6.64511e-01, -1.73155e-01, -1.65019e+00, -1.60031e-01, -1.23492e+00, 2.03941e-01, 4.59083e-02, 1.06396e+00, -5.37248e-01, 5.17624e-01, 4.27470e-02, 2.30742e-01, 8.02645e-01, -8.25535e-01, -4.51458e-01, -5.95496e-01, 2.06503e-01, 5.22990e-01, -6.33128e-01, -1.00124e+00, 2.28678e-01
24400 ,-6.64269e-01, -1.73346e-01, -1.65010e+00, -1.60494e-01, -1.23483e+00, 2.02657e-01, 4.56497e-02, 1.06044e+00, -5.36144e-01, 5.16929e-01, 4.35509e-02, 2.29991e-01, 8.01814e-01, -8.25541e-01, -4.54034e-01, -5.96183e-01, 2.06706e-01, 5.21966e-01, -6.33852e-01, -1.00296e+00, 2.28648e-01
24500 ,-6.63475e-01, -1.73596e-01, -1.65128e+00, -1.60068e-01, -1.23442e+00, 2.03354e-01, 4.55883e-02, 1.05919e+00, -5.35934e-01, 5.17113e-01, 4.12634e-02, 2.30219e-01, 8.01746e-01, -8.25967e-01, -4.56605e-01, -5.96768e-01, 2.06999e-01, 5.25086e-01, -6.34015e-01, -1.00592e+00, 2.30111e-01
24600 ,-6.64536e-01, -1.73282e-01, -1.65006e+00, -1.60857e-01, -1.23401e+00, 2.05782e-01, 4.67169e-02, 1.05588e+00, -5.35841e-01, 5.18385e-01, 4.08796e-02, 2.28112e-01, 8.01112e-01, -8.26119e-01, -4.57046e-01, -5.96616e-01, 2.06514e-01, 5.24191e-01, -6.34296e-01, -1.00916e+00, 2.33117e-01
24700 ,-6.64680e-01, -1.72856e-01, -1.65069e+00, -1.60624e-01, -1.23444e+00, 2.03141e-01, 4.76819e-02, 1.05162e+00, -5.35051e-01, 5.19296e-01, 4.20379e-02, 2.23172e-01, 7.98055e-01, -8.24770e-01, -4.56342e-01, -5.94419e-01, 2.04096e-01, 5.20912e-01, -6.36116e-01, -1.01267e+00, 2.36848e-01
24800 ,-6.63831e-01, -1.73560e-01, -1.65123e+00, -1.60902e-01, -1.23364e+00, 2.04669e-01, 4.76615e-02, 1.04764e+00, -5.33799e-01, 5.18869e-01, 4.32265e-02, 2.24042e-01, 7.98475e-01, -8.25519e-01, -4.59099e-01, -5.96403e-01, 2.05094e-01, 5.20232e-01, -6.36154e-01, -1.01393e+00, 2.37062e-01
24900 ,-6.63861e-01, -1.73858e-01, -1.65138e+00, -1.60190e-01, -1.23409e+00, 2.04604e-01, 4.76563e-02, 1.04571e+00, -5.33053e-01, 5.19404e-01, 4.20399e-02, 2.25288e-01, 7.98985e-01, -8.26545e-01, -4.62348e-01, -5.97978e-01, 2.06051e-01, 5.22617e-01, -6.35839e-01, -1.01573e+00, 2.38305e-01
25000 ,-6.63698e-01, -1.73870e-01, -1.65157e+00, -1.59425e-01, -1.23374e+00, 2.06132e-01, 4.73050e-02, 1.04315e+00, -5.32257e-01, 5.19032e-01, 4.12887e-02, 2.26016e-01, 7.98955e-01, -8.27214e-01, -4.65907e-01, -5.99299e-01, 2.06894e-01, 5.24178e-01, -6.36023e-01, -1.01741e+00, 2.38493e-01
25100 ,-6.64084e-01, -1.73543e-01, -1.65124e+00, -1.60153e-01, -1.23333e+00, 2.06836e-01, 4.78130e-02, 1.04156e+00, -5.32760e-01, 5.19840e-01, 3.84999e-02, 2.26995e-01, 7.99775e-01, -8.28224e-01, -4.68149e-01, -6.00536e-01, 2.07689e-01, 5.26978e-01, -6.35583e-01, -1.02111e+00, 2.40452e-01
25200 ,-6.63733e-01, -1.73112e-01, -1.66271e+00, -1.52596e-01, -1.23373e+00, 2.03899e-01, 5.55470e-02, 1.03206e+00, -5.40389e-01, 5.28671e-01, 4.13787e-02, 2.32612e-01, 8.05782e-01, -8.36750e-01, -4.78265e-01, -6.06920e-01, 2.15620e-01, 5.36995e-01, -6.27617e-01, -1.01358e+00, 2.32463e-01
25300 ,-6.66384e-01, -1.72830e-01, -1.66621e+00, -1.53619e-01, -1.23495e+00, 2.03790e-01, 5.47900e-02, 1.03201e+00, -5.38681e-01, 5.28716e-01, 4.25827e-02, 2.29238e-01, 8.02577e-01, -8.36184e-01, -4.79255e-01, -6.04693e-01, 2.14650e-01, 5.37364e-01, -6.28773e-01, -1.01333e+00, 2.32557e-01
25400 ,-6.66118e-01, -1.73451e-01, -1.66670e+00, -1.54765e-01, -1.23465e+00, 2.04148e-01, 5.43496e-02, 1.03187e+00, -5.37781e-01, 5.28695e-01, 4.23743e-02, 2.27226e-01, 8.00802e-01, -8.35799e-01, -4.79902e-01, -6.03604e-01, 2.13996e-01, 5.37639e-01, -6.29588e-01, -1.01357e+00, 2.32748e-01
25500 ,-6.66401e-01, -1.73602e-01, -1.66545e+00, -1.56243e-01, -1.23476e+00, 2.04334e-01, 5.42762e-02, 1.03135e+00, -5.37062e-01, 5.28574e-01, 4.31879e-02, 2.25404e-01, 7.99540e-01, -8.35495e-01, -4.80250e-01, -6.02995e-01, 2.13578e-01, 5.37335e-01, -6.30299e-01, -1.01394e+00, 2.32885e-01
25600 ,-6.66120e-01, -1.73564e-01, -1.66554e+00, -1.57025e-01, -1.23425e+00, 2.02955e-01, 5.39136e-02, 1.03128e+00, -5.36576e-01, 5.28496e-01, 4.17780e-02, 2.24095e-01, 7.98464e-01, -8.35213e-01, -4.80770e-01, -6.02337e-01, 2.13081e-01, 5.37861e-01, -6.30932e-01, -1.01466e+00, 2.33218e-01
25700 ,-6.65974e-01, -1.73079e-01, -1.66541e+00, -1.56833e-01, -1.23305e+00, 2.02865e-01, 5.35783e-02, 1.03098e+00, -5.35873e-01, 5.28347e-01, 4.14779e-02, 2.22939e-01, 7.97584e-01, -8.34967e-01, -4.81225e-01, -6.02048e-01, 2.12699e-01, 5.38033e-01, -6.31519e-01, -1.01525e+00, 2.33517e-01
25800 ,-6.65470e-01, -1.73331e-01, -1.66361e+00, -1.58371e-01, -1.23282e+00, 2.02874e-01, 5.36878e-02, 1.03074e+00, -5.35827e-01, 5.28338e-01, 3.99568e-02, 2.21671e-01, 7.97013e-01, -8.34776e-01, -4.81420e-01, -6.01611e-01, 2.12274e-01, 5.38336e-01, -6.31985e-01, -1.01626e+00, 2.33993e-01
25900 ,-6.64777e-01, -1.73032e-01, -1.66371e+00, -1.57071e-01, -1.23139e+00, 2.02208e-01, 5.34220e-02, 1.03008e+00, -5.35193e-01, 5.27948e-01, 4.05544e-02, 2.21805e-01, 7.97056e-01, -8.34890e-01, -4.82017e-01, -6.02394e-01, 2.12589e-01, 5.38221e-01, -6.32290e-01, -1.01681e+00, 2.33958e-01
26000 ,-6.64710e-01, -1.72915e-01, -1.66171e+00, -1.58034e-01, -1.23120e+00, 2.02917e-01, 5.31405e-02, 1.02983e+00, -5.34973e-01, 5.27816e-01, 3.91643e-02, 2.21166e-01, 7.96590e-01, -8.34750e-01, -4.82580e-01, -6.02398e-01, 2.12340e-01, 5.38649e-01, -6.32761e-01, -1.01780e+00, 2.34297e-01
26100 ,-6.62988e-01, -1.73808e-01, -1.66117e+00, -1.57055e-01, -1.23103e+00, 2.02427e-01, 5.37831e-02, 1.02876e+00, -5.34821e-01, 5.27719e-01, 4.01410e-02, 2.20758e-01, 7.97014e-01, -8.35026e-01, -4.82614e-01, -6.03288e-01, 2.12578e-01, 5.37773e-01, -6.32784e-01, -1.01850e+00, 2.34612e-01
26200 ,-6.64115e-01, -1.73253e-01, -1.66014e+00, -1.57516e-01, -1.23027e+00, 2.04928e-01, 5.36569e-02, 1.02824e+00, -5.34283e-01, 5.27489e-01, 3.99937e-02, 2.20558e-01, 7.96901e-01, -8.35104e-01, -4.83187e-01, -6.03737e-01, 2.12689e-01, 5.37924e-01, -6.33103e-01, -1.01925e+00, 2.34802e-01
26300 ,-6.63043e-01, -1.73660e-01, -1.66006e+00, -1.56711e-01, -1.23114e+00, 2.03150e-01, 5.38762e-02, 1.02761e+00, -5.34182e-01, 5.27432e-01, 3.92764e-02, 2.20192e-01, 7.97014e-01, -8.35286e-01, -4.83514e-01, -6.04247e-01, 2.12739e-01, 5.37868e-01, -6.33240e-01, -1.02030e+00, 2.35291e-01
26400 ,-6.64446e-01, -1.72834e-01, -1.65915e+00, -1.57707e-01, -1.23053e+00, 2.04766e-01, 5.40807e-02, 1.02696e+00, -5.33769e-01, 5.27355e-01, 3.91290e-02, 2.20086e-01, 7.97211e-01, -8.35541e-01, -4.83989e-01, -6.04910e-01, 2.12920e-01, 5.37897e-01, -6.33374e-01, -1.02124e+00, 2.35653e-01
26500 ,-6.63715e-01, -1.72714e-01, -1.65947e+00, -1.57702e-01, -1.23088e+00, 2.03746e-01, 5.38868e-02, 1.02632e+00, -5.33230e-01, 5.27050e-01, 3.87744e-02, 2.19782e-01, 7.96974e-01, -8.35640e-01, -4.84739e-01, -6.05368e-01, 2.13070e-01, 5.37993e-01, -6.33780e-01, -1.02198e+00, 2.35821e-01
26600 ,-6.62850e-01, -1.73441e-01, -1.65960e+00, -1.57794e-01, -1.23081e+00, 2.05128e-01, 5.18758e-02, 1.02614e+00, -5.31642e-01, 5.25988e-01, 3.84319e-02, 2.18533e-01, 7.94875e-01, -8.34788e-01, -4.86416e-01, -6.04833e-01, 2.12624e-01, 5.38738e-01, -6.35446e-01, -1.02241e+00, 2.35339e-01
26700 ,-6.63286e-01, -1.72748e-01, -1.65981e+00, -1.58269e-01, -1.23150e+00, 2.02652e-01, 5.43125e-02, 1.02461e+00, -5.32469e-01, 5.26702e-01, 3.86909e-02, 2.15959e-01, 7.95552e-01, -8.35073e-01, -4.84955e-01, -6.04977e-01, 2.11991e-01, 5.37041e-01, -6.35165e-01, -1.02435e+00, 2.37028e-01
26800 ,-6.63070e-01, -1.73281e-01, -1.65806e+00, -1.57476e-01, -1.23007e+00, 2.03843e-01, 5.42401e-02, 1.02384e+00, -5.32373e-01, 5.26414e-01, 3.79246e-02, 2.16953e-01, 7.96204e-01, -8.35588e-01, -4.85843e-01, -6.06393e-01, 2.12717e-01, 5.37319e-01, -6.35141e-01, -1.02532e+00, 2.37157e-01
26900 ,-6.63393e-01, -1.72896e-01, -1.65778e+00, -1.57615e-01, -1.23119e+00, 2.01567e-01, 5.40906e-02, 1.02292e+00, -5.31467e-01, 5.26077e-01, 3.82804e-02, 2.15728e-01, 7.95585e-01, -8.35378e-01, -4.86304e-01, -6.06733e-01, 2.12452e-01, 5.36973e-01, -6.35882e-01, -1.02635e+00, 2.37529e-01
27000 ,-6.62424e-01, -1.73410e-01, -1.65888e+00, -1.57412e-01, -1.23007e+00, 2.02508e-01, 5.42593e-02, 1.02197e+00, -5.31115e-01, 5.25842e-01, 3.81350e-02, 2.16424e-01, 7.96261e-01, -8.35974e-01, -4.87077e-01, -6.08178e-01, 2.13101e-01, 5.37014e-01, -6.35873e-01, -1.02734e+00, 2.37735e-01
27100 ,-6.61779e-01, -1.73558e-01, -1.65825e+00, -1.56696e-01, -1.22976e+00, 2.03912e-01, 5.35749e-02, 1.02197e+00, -5.31212e-01, 5.25511e-01, 3.52001e-02, 2.17421e-01, 7.96379e-01, -8.36302e-01, -4.88500e-01, -6.08784e-01, 2.13556e-01, 5.38672e-01, -6.36102e-01, -1.02875e+00, 2.37922e-01
27200 ,-6.62597e-01, -1.72916e-01, -1.66623e+00, -1.51434e-01, -1.23054e+00, 2.04022e-01, 6.07555e-02, 1.01440e+00, -5.37893e-01, 5.33113e-01, 3.58021e-02, 2.22296e-01, 8.02072e-01, -8.43595e-01, -4.93473e-01, -6.14774e-01, 2.20330e-01, 5.42320e-01, -6.29158e-01, -1.02670e+00, 2.35678e-01
27300 ,-6.64348e-01, -1.73097e-01, -1.66881e+00, -1.52522e-01, -1.23227e+00, 2.04335e-01, 5.98515e-02, 1.01437e+00, -5.36267e-01, 5.33015e-01, 3.72792e-02, 2.20251e-01, 7.99850e-01, -8.43199e-01, -4.95487e-01, -6.13562e-01, 2.19705e-01, 5.43104e-01, -6.30060e-01, -1.02605e+00, 2.35773e-01
27400 ,-6.65899e-01, -1.72949e-01, -1.66939e+00, -1.53656e-01, -1.23313e+00, 2.03164e-01, 5.92164e-02, 1.01423e+00, -5.34963e-01, 5.32909e-01, 3.83792e-02, 2.18503e-01, 7.98116e-01, -8.42854e-01, -4.97005e-01, -6.12680e-01, 2.19171e-01, 5.43574e-01, -6.30853e-01, -1.02604e+00, 2.35957e-01
27500 ,-6.65603e-01, -1.73110e-01, -1.66945e+00, -1.55300e-01, -1.23322e+00, 2.01812e-01, 5.87766e-02, 1.01404e+00, -5.34022e-01, 5.32784e-01, 3.87165e-02, 2.17206e-01, 7.96952e-01, -8.42600e-01, -4.98113e-01, -6.12168e-01, 2.18770e-01, 5.43957e-01, -6.31488e-01, -1.02664e+00, 2.36296e-01
27600 ,-6.65034e-01, -1.73821e-01, -1.66834e+00, -1.55659e-01, -1.23270e+00, 2.03867e-01, 5.84788e-02, 1.01393e+00, -5.33644e-01, 5.32717e-01, 3.71246e-02, 2.15955e-01, 7.96009e-01, -8.42358e-01, -4.98986e-01, -6.11600e-01, 2.18338e-01, 5.44771e-01, -6.32037e-01, -1.02807e+00, 2.36998e-01
27700 ,-6.65643e-01, -1.72898e-01, -1.66668e+00, -1.55570e-01, -1.23177e+00, 2.03654e-01, 5.82798e-02, 1.01338e+00, -5.32860e-01, 5.32502e-01, 3.85478e-02, 2.15026e-01, 7.95406e-01, -8.42193e-01, -4.99689e-01, -6.11730e-01, 2.18154e-01, 5.43918e-01, -6.32514e-01, -1.02893e+00, 2.37353e-01
27800 ,-6.64103e-01, -1.73642e-01, -1.66720e+00, -1.54877e-01, -1.23073e+00, 2.04535e-01, 5.79884e-02, 1.01299e+00, -5.32346e-01, 5.32293e-01, 3.83590e-02, 2.14014e-01, 7.94725e-01, -8.42001e-01, -5.00475e-01, -6.11643e-01, 2.17868e-01, 5.43816e-01, -6.33036e-01, -1.03008e+00, 2.37887e-01
27900 ,-6.63792e-01, -1.73716e-01, -1.66538e+00, -1.55340e-01, -1.23169e+00, 2.01756e-01, 5.78514e-02, 1.01270e+00, -5.32041e-01, 5.32180e-01, 3.69562e-02, 2.13200e-01, 7.94323e-01, -8.41843e-01, -5.01035e-01, -6.11611e-01, 2.17573e-01, 5.44196e-01, -6.33453e-01, -1.03216e+00, 2.38824e-01
28000 ,-6.63685e-01, -1.73614e-01, -1.66426e+00, -1.55958e-01, -1.22995e+00, 2.04542e-01, 5.77108e-02, 1.01210e+00, -5.31525e-01, 5.31874e-01, 3.75138e-02, 2.12365e-01, 7.93928e-01, -8.41704e-01, -5.01712e-01, -6.11832e-01, 2.17456e-01, 5.43539e-01, -6.33948e-01, -1.03345e+00, 2.39166e-01
28100 ,-6.63308e-01, -1.73874e-01, -1.66265e+00, -1.56114e-01, -1.23053e+00, 2.02194e-01, 5.74861e-02, 1.01165e+00, -5.31119e-01, 5.31621e-01, 3.70164e-02, 2.11652e-01, 7.93519e-01, -8.41551e-01, -5.02424e-01, -6.11992e-01, 2.17296e-01, 5.43459e-01, -6.34415e-01, -1.03509e+00, 2.39718e-01
28200 ,-6.63409e-01, -1.73551e-01, -1.66224e+00, -1.55767e-01, -1.22928e+00, 2.03468e-01, 5.70923e-02, 1.01124e+00, -5.30750e-01, 5.31209e-01, 3.63629e-02, 2.11908e-01, 7.93579e-01, -8.41641e-01, -5.03847e-01, -6.12563e-01, 2.17580e-01, 5.44081e-01, -6.34722e-01, -1.03666e+00, 2.39581e-01
28300 ,-6.62994e-01, -1.73489e-01, -1.66259e+00, -1.56488e-01, -1.22916e+00, 2.04003e-01, 5.75694e-02, 1.01049e+00, -5.30648e-01, 5.31082e-01, 3.65228e-02, 2.10950e-01, 7.93684e-01, -8.41664e-01, -5.03695e-01, -6.12893e-01, 2.17433e-01, 5.42979e-01, -6.34969e-01, -1.03872e+00, 2.40641e-01
28400 ,-6.62509e-01, -1.73644e-01, -1.66197e+00, -1.55983e-01, -1.22934e+00, 2.04497e-01, 5.73576e-02, 1.00987e+00, -5.30192e-01, 5.30727e-01, 3.64755e-02, 2.10801e-01, 7.93649e-01, -8.41720e-01, -5.04824e-01, -6.13480e-01, 2.17606e-01, 5.42818e-01, -6.35320e-01, -1.04027e+00, 2.40826e-01
28500 ,-6.62273e-01, -1.73595e-01, -1.66202e+00, -1.55774e-01, -1.22919e+00, 2.04044e-01, 5.76537e-02, 1.00933e+00, -5.30197e-01, 5.30627e-01, 3.53163e-02, 2.10365e-01, 7.93872e-01, -8.41892e-01, -5.05247e-01, -6.13830e-01, 2.17632e-01, 5.42970e-01, -6.35444e-01, -1.04275e+00, 2.41912e-01
28600 ,-6.62904e-01, -1.73339e-01, -1.66141e+00, -1.57264e-01, -1.22960e+00, 2.03727e-01, 5.74793e-02, 1.00868e+00, -5.29430e-01, 5.30328e-01, 3.57277e-02, 2.10428e-01, 7.93919e-01, -8.42056e-01, -5.06695e-01, -6.14634e-01, 2.17842e-01, 5.42944e-01, -6.35775e-01, -1.04395e+00, 2.42126e-01
28700 ,-6.62279e-01, -1.73462e-01, -1.66188e+00, -1.55388e-01, -1.22865e+00, 2.04441e-01, 5.74442e-02, 1.00798e+00, -5.29219e-01, 5.30041e-01, 3.51479e-02, 2.10086e-01, 7.94035e-01, -8.42156e-01, -5.07424e-01, -6.15272e-01, 2.17902e-01, 5.42715e-01, -6.36043e-01, -1.04615e+00, 2.42898e-01
28800 ,-6.63660e-01, -1.72852e-01, -1.65992e+00, -1.57097e-01, -1.22992e+00, 2.04759e-01, 5.72949e-02, 1.00725e+00, -5.28347e-01, 5.29758e-01, 3.55599e-02, 2.09293e-01, 7.93611e-01, -8.42062e-01, -5.08557e-01, -6.15671e-01, 2.17806e-01, 5.42341e-01, -6.36617e-01, -1.04787e+00, 2.43467e-01
28900 ,-6.62229e-01, -1.73988e-01, -1.65950e+00, -1.57628e-01, -1.23051e+00, 2.03687e-01, 5.72102e-02, 1.00634e+00, -5.27945e-01, 5.29408e-01, 3.54635e-02, 2.05572e-01, 7.91894e-01, -8.41006e-01, -5.07726e-01, -6.14716e-01, 2.16344e-01, 5.40235e-01, -6.37983e-01, -1.05062e+00, 2.45481e-01
29000 ,-6.61703e-01, -1.73703e-01, -1.66004e+00, -1.57061e-01, -1.22963e+00, 2.04234e-01, 5.70837e-02, 1.00530e+00, -5.27108e-01, 5.28908e-01, 3.65298e-02, 2.07031e-01, 7.92826e-01, -8.41688e-01, -5.09764e-01, -6.16570e-01, 2.17416e-01, 5.40053e-01, -6.37925e-01, -1.05185e+00, 2.44929e-01
29100 ,-6.61703e-01, -1.74411e-01, -1.65846e+00, -1.56992e-01, -1.22981e+00, 2.06207e-01, 5.78666e-02, 1.00464e+00, -5.27872e-01, 5.29022e-01, 3.42744e-02, 2.06885e-01, 7.93529e-01, -8.42142e-01, -5.10083e-01, -6.17145e-01, 2.17623e-01, 5.40462e-01, -6.37767e-01, -1.05496e+00, 2.46408e-01
29200 ,-6.61961e-01, -1.73823e-01, -1.65827e+00, -1.56603e-01, -1.23011e+00, 2.06163e-01, 5.68378e-02, 1.00403e+00, -5.26749e-01, 5.28273e-01, 3.41452e-02, 2.06613e-01, 7.92776e-01, -8.41912e-01, -5.12361e-01, -6.17648e-01, 2.17697e-01, 5.41027e-01, -6.38703e-01, -1.05632e+00, 2.45943e-01
29300 ,-6.62446e-01, -1.73750e-01, -1.65729e+00, -1.57132e-01, -1.23064e+00, 2.06428e-01, 5.75153e-02, 1.00307e+00, -5.26505e-01, 5.28421e-01, 3.38822e-02, 2.06737e-01, 7.93424e-01, -8.42478e-01, -5.13116e-01, -6.18807e-01, 2.18010e-01, 5.40721e-01, -6.38542e-01, -1.05826e+00, 2.47240e-01
29400 ,-6.61829e-01, -1.73799e-01, -1.65826e+00, -1.55857e-01, -1.23037e+00, 2.04907e-01, 5.78051e-02, 1.00220e+00, -5.26263e-01, 5.28334e-01, 3.31747e-02, 2.05706e-01, 7.93387e-01, -8.42582e-01, -5.13449e-01, -6.19220e-01, 2.17772e-01, 5.40447e-01, -6.38816e-01, -1.06071e+00, 2.48808e-01
29500 ,-6.62250e-01, -1.74103e-01, -1.65650e+00, -1.56817e-01, -1.23086e+00, 2.05546e-01, 5.70327e-02, 1.00114e+00, -5.24987e-01, 5.27604e-01, 3.39698e-02, 2.06483e-01, 7.93204e-01, -8.42788e-01, -5.16061e-01, -6.20768e-01, 2.18493e-01, 5.40432e-01, -6.39480e-01, -1.06120e+00, 2.47847e-01
29600 ,-6.61462e-01, -1.74616e-01, -1.65693e+00, -1.56031e-01, -1.23070e+00, 2.06190e-01, 5.75502e-02, 1.00025e+00, -5.25212e-01, 5.27674e-01, 3.26072e-02, 2.05243e-01, 7.93156e-01, -8.42954e-01, -5.16398e-01, -6.21028e-01, 2.18203e-01, 5.40215e-01, -6.39672e-01, -1.06387e+00, 2.49731e-01
29700 ,-6.61876e-01, -1.73726e-01, -1.65807e+00, -1.56068e-01, -1.23002e+00, 2.05806e-01, 5.74683e-02, 9.99371e-01, -5.24501e-01, 5.27206e-01, 3.23914e-02, 2.05195e-01, 7.93372e-01, -8.43216e-01, -5.17577e-01, -6.21916e-01, 2.18482e-01, 5.40731e-01, -6.40045e-01, -1.06615e+00, 2.50190e-01
29800 ,-6.62394e-01, -1.73512e-01, -1.65672e+00, -1.56551e-01, -1.22914e+00, 2.09142e-01, 5.75143e-02, 9.98722e-01, -5.24636e-01, 5.26951e-01, 3.05263e-02, 2.05102e-01, 7.93519e-01, -8.43513e-01, -5.18954e-01, -6.22457e-01, 2.18760e-01, 5.42102e-01, -6.40354e-01, -1.06906e+00, 2.50819e-01
29900 ,-6.61595e-01, -1.74145e-01, -1.65615e+00, -1.56622e-01, -1.23087e+00, 2.08453e-01, 5.78599e-02, 9.96846e-01, -5.23869e-01, 5.26630e-01, 3.18879e-02, 2.03905e-01, 7.93441e-01, -8.43539e-01, -5.19550e-01, -6.23833e-01, 2.18685e-01, 5.39370e-01, -6.40978e-01, -1.07025e+00, 2.51497e-01
30000 ,-6.61809e-01, -1.74274e-01, -1.65559e+00, -1.56894e-01, -1.23104e+00, 2.08158e-01, 5.71544e-02, 9.95852e-01, -5.22654e-01, 5.25965e-01, 3.21129e-02, 2.03929e-01, 7.92933e-01, -8.43653e-01, -5.21980e-01, -6.24852e-01, 2.19044e-01, 5.39870e-01, -6.41735e-01, -1.07101e+00, 2.51307e-01
